Name,Agrivoltaic Activities,System Size,Site Size,Year Installed,PV Technology,Type Of Array,Habitat Type,Crop Types,Animal Type
InSPIRE/Sites/Abel,Habitat,2.4,17,2020,Monofacial PV,Single-axis Tracking,Pollinator,,
InSPIRE/Sites/Acturus Community Solar,Habitat,1.5,7.6,2018,,Fixed,Native grasses,,
InSPIRE/Sites/Agard-enfield,Grazing,2.3,4.5,2017,Monofacial PV,Fixed,,,Sheep
InSPIRE/Sites/Agawam,Habitat,1.8,9,2012,,Fixed,Pollinator,,
InSPIRE/Sites/Albany,"Habitat,Grazing",15.2,100.8,2016,Monofacial PV,Single-axis Tracking,Pollinator,,Sheep
InSPIRE/Sites/Alden Road Harvard Solar 1,Habitat,2.4,15.1,2020,,Fixed,Pollinator,,
InSPIRE/Sites/All In Solar,Habitat,1.4,8.5,2020,,Single-axis Tracking,Pollinator,,
InSPIRE/Sites/Alliant Energy Solar Farm at Iowa State University,"Crop Production,Habitat",1.375,6,2023,Bifacial PV,Single-axis Tracking,Pollinator,"Broccoli, bell pepper, raspberry, summer squash, strawberry",
"InSPIRE/Sites/Allis Medina Solar, LLC (CSG)",Grazing,7.3,20.2,2020,,Single-axis Tracking,,,Sheep
InSPIRE/Sites/Allium Community Solar Garden,Habitat,1.5,7.6,2021,,Single-axis Tracking,Pollinator,,
InSPIRE/Sites/Altair Community Solar Garden,Habitat,1.5,11.5,2019,,Fixed,Native grasses,,
InSPIRE/Sites/American Bottoms,Habitat,1.8,6,2020,,Single-axis Tracking,Pollinator,,
InSPIRE/Sites/American Kings Solar,Grazing,172.3,665,2020,,Single-axis Tracking,,,Sheep
InSPIRE/Sites/Ames Electric Services Power Plant,"Habitat,Grazing",2.2,10,2020,,Fixed,Pollinator,,Sheep
InSPIRE/Sites/Amherst Sunderland Road,"Habitat,Grazing",4.03,13.7,2019,,Fixed,Pollinator,,Sheep
InSPIRE/Sites/Anderson Community Solar Garden,Habitat,1,7,2022,,Fixed,Pollinator,,
InSPIRE/Sites/Andromeda Community Solar,"Habitat,Grazing",6.5,30.02,2017,Other,Fixed,Pollinator,,Sheep
InSPIRE/Sites/Animal Farm Cook Campus,"Habitat,Grazing",0.17,2.89,2024,Bifacial PV,Fixed,,Hay,Cows
InSPIRE/Sites/Annandale,Habitat,9.1,66.22,2016,Monofacial PV,Single-axis Tracking,Pollinator,,
InSPIRE/Sites/Anoka County MN CONX,Habitat,4.6,18,2018,Monofacial PV,Fixed,Pollinator,,
InSPIRE/Sites/Antares Community Solar,"Habitat,Grazing",3.9,18.1,2018,Other,Single-axis Tracking,Pollinator,,Sheep
InSPIRE/Sites/Antlia Community Solar,"Habitat,Grazing",2.6,18.64,2017,Other,Fixed,Pollinator,,Sheep
InSPIRE/Sites/Aquarius Community Solar,Habitat,1.5,11.1,2019,,Fixed,Native grasses,,
InSPIRE/Sites/Arcadia Solar,Habitat,6.8,30,2019,Monofacial PV,Single-axis Tracking,Pollinator,,
InSPIRE/Sites/Argo Navis Community Solar,"Habitat,Grazing",3.9,21.54,2018,Other,Fixed,Pollinator,,Sheep
InSPIRE/Sites/Aries Community Solar,Habitat,5.2,23.12,2017,Other,Fixed,Pollinator,,
InSPIRE/Sites/Ash Ridge DPC Solar,Habitat,0.7,5.4,2017,,Single-axis Tracking,Pollinator,,
InSPIRE/Sites/Aspiration G,Grazing,11.7,80,2017,,Single-axis Tracking,,,Sheep
InSPIRE/Sites/Athens Solar,Habitat,8.8,40.3,2018,,Fixed,Pollinator,,
InSPIRE/Sites/Atwater - O,Habitat,5.9,26.1,2016,Monofacial PV,Single-axis Tracking,Pollinator,,
InSPIRE/Sites/Auburn Renewables Solar Array,Habitat,14.7,55,2022,,Fixed,Pollinator,,
InSPIRE/Sites/Auriga Community Solar,Habitat,1.5,7.77,2018,,Fixed,Native grasses,,
InSPIRE/Sites/B&B Solar,Habitat,1.2,6.9,2020,,Single-axis Tracking,Pollinator,,
InSPIRE/Sites/B.R. Corcoran CSG,Habitat,7,32.6,2017,,Fixed,Pollinator,,
InSPIRE/Sites/B.R. Sartell CSG,"Habitat,Grazing",4.2,18.95,2017,Monofacial PV,Fixed,Pollinator,,Sheep
InSPIRE/Sites/B.R. Sauk Rapids CSG,Habitat,7,30.43,2017,,Fixed,Pollinator,,
InSPIRE/Sites/BD Solar North Bridgton,Grazing,4.99,21.5,2020,,Fixed,,,Sheep
"InSPIRE/Sites/BT Cooke Solar, LLC",Grazing,81.4,415,2020,,Single-axis Tracking,,,Sheep
InSPIRE/Sites/Ballenger-McKinney Photovoltaic Solar Project,Grazing,1.3,4.9,2018,,Fixed,,,Sheep
InSPIRE/Sites/Bancroft Station Solar Farm,Grazing,139.7,1200,2019,,Single-axis Tracking,,,Sheep
InSPIRE/Sites/Bandera Electric Coop PV,Habitat,2,11.4,2017,Monofacial PV,Single-axis Tracking,Pollinator,,
InSPIRE/Sites/Barone CSG,Habitat,1.4,7.1,2018,,Fixed,Pollinator,,
InSPIRE/Sites/Bauer Community Solar Garden,Habitat,1.3,8.4,2021,,Fixed,,,
"InSPIRE/Sites/Beals Medina Solar, LLC (CSG)",Grazing,5.2,14.2,2020,,Fixed,,,Sheep
InSPIRE/Sites/Becker Solar 1,Habitat,1.4,6,2019,,Fixed,"Pollinator, Native grasses",,
InSPIRE/Sites/Becker Solar 2,Habitat,1.4,6,2019,,Fixed,"Pollinator, Native grasses",,
InSPIRE/Sites/Becker Solar 3,Habitat,1.4,6,2019,,Fixed,"Pollinator, Native grasses",,
InSPIRE/Sites/Becker Solar 4,Habitat,1.4,6,2019,,Fixed,"Pollinator, Native grasses",,
InSPIRE/Sites/Becker Solar 5,Habitat,1.4,6,2019,,Fixed,"Pollinator, Native grasses",,
InSPIRE/Sites/Bellflower Solar Farm,"Habitat,Grazing",173,1400,2022,Monofacial PV,Single-axis Tracking,"Pollinator, Native grasses",,Sheep
InSPIRE/Sites/Big Lake Project CSG,Habitat,6.9,39.5,2018,,Single-axis Tracking,Native grasses,,
InSPIRE/Sites/Big Lake Solar,"Crop Production,Habitat",1.4,18.1,2018,Monofacial PV,Single-axis Tracking,"Pollinator, Native grasses","Vegetables (kohlrabi, cabbage, broccoli, kale, chard, peppers, parsley, tomatoes)",
InSPIRE/Sites/Bighorn Solar,"Habitat,Grazing",300,1800,2021,Bifacial PV,Single-axis Tracking,Native grasses,,Sheep
InSPIRE/Sites/Billings Road,Habitat,2.3,7.9,2021,,Fixed,Pollinator,,
InSPIRE/Sites/Blue Prairie,"Grazing,Habitat",3.1,18.96,2021,,Single-axis Tracking,Native grasses,,Sheep
InSPIRE/Sites/Bluff Country Solar,Habitat,1.4,9,2020,,Single-axis Tracking,Pollinator,,
InSPIRE/Sites/Bone Hill,Habitat,1.8,9.4,2020,,Fixed,Pollinator,,
InSPIRE/Sites/Bongards,Habitat,6.9,34.275,2016,,Fixed,Pollinator,,
InSPIRE/Sites/Borner,"Habitat,Grazing",5,39.65,,,Single-axis Tracking,Pollinator,,Sheep
InSPIRE/Sites/Boulder Housing Partners Triangle Solar Array,"Crop Production,Habitat",0.63,3.8,2021,Monofacial PV,Fixed,Pollinator,,
InSPIRE/Sites/Boutillier Solar,Grazing,0.65,3.2,2016,,Fixed,,,Sheep
InSPIRE/Sites/Briar Creek Solar,"Grazing,Habitat",153.5,765,2021,,Single-axis Tracking,"Pollinator, Native grasses",,Sheep
InSPIRE/Sites/Brick Solar,Habitat,2.7,16,2021,,Single-axis Tracking,Pollinator,,
InSPIRE/Sites/Brimfield,Grazing,2.6,5,2021,,Fixed,,,Sheep
InSPIRE/Sites/Brude Solar,Habitat,0.6,6,2019,,Single-axis Tracking,Pollinator,,
InSPIRE/Sites/Bryan Floyd,Grazing,1.9,14.2,2023,,Single-axis Tracking,,,Sheep
InSPIRE/Sites/Buckaroo Solar,Habitat,1.4,8.2,2020,,Single-axis Tracking,Pollinator,,
InSPIRE/Sites/Buffalo Garden,Habitat,1.3,5.21,2020,,Fixed,Native grasses,,
InSPIRE/Sites/Bunker Hill,Habitat,2.4,18,2021,,,Pollinator,,
InSPIRE/Sites/Burgundy Brook Farm Agrivoltaic Project,"Crop Production,Habitat,Grazing",2.4,12,2023,Bifacial PV,Single-axis Tracking,"Naturalized, Pollinator",Hay,Cattle
InSPIRE/Sites/Bush Solar,Habitat,1.4,7.8,2020,,Single-axis Tracking,Pollinator,,
"InSPIRE/Sites/CF Novel Solar CSG Gardens Eleven, LLC",Habitat,3.6,22,2017,Monofacial PV,Fixed,Pollinator,,
"InSPIRE/Sites/CGSun, LLC Community Solar",Habitat,5,35,2017,Monofacial PV,Fixed,Pollinator,,
InSPIRE/Sites/CSU Foothills Campus - Rooftop Agrivoltaics Research,"Crop Production,Habitat",0.01,0.1,2009,Translucent PV,Fixed,Pollinator,"Leafy Greens, Berries",
InSPIRE/Sites/CSU Spur Campus - Rooftop Agrivoltaics,"Crop Production,Habitat",0.046,0.1,2022,Bifacial PV,Fixed,,,
InSPIRE/Sites/Caelum Community Solar,"Habitat,Grazing",2.6,9.17,2017,Other,Fixed,Pollinator,,Sheep
InSPIRE/Sites/Caitlin,Grazing,1.35,5,,Monofacial PV,Fixed,,,Sheep
InSPIRE/Sites/California: Habitat & Wildlife Monitoring,Habitat,0.1,0.1,,,,,,
InSPIRE/Sites/Cambridge Solar,Habitat,2.4,14.5,2019,,Single-axis Tracking,Pollinator,,
InSPIRE/Sites/Camp Ripley,Habitat,13.1,62,2016,,Fixed,Pollinator,,
InSPIRE/Sites/Candor,Grazing,1.11,4,2017,Monofacial PV,Fixed,,,Sheep
InSPIRE/Sites/Canopus Community Solar Garden,Habitat,1.5,10.21,2019,Other,Fixed,,,
InSPIRE/Sites/Capella Community Solar,"Habitat,Grazing",6.5,34.31,2017,Other,Fixed,Pollinator,,Sheep
InSPIRE/Sites/Capricornus Community Solar Garden,Habitat,1.5,10.99,2019,Other,Fixed,Pollinator,,
InSPIRE/Sites/Carina Community Solar,Habitat,5.2,24.42,2018,Other,Fixed,Pollinator,,
InSPIRE/Sites/Carpenter Hill,Grazing,0.834,8.8,2018,,Fixed,,,Sheep
InSPIRE/Sites/Carrizozo,Habitat,3.6,22.6,2018,,Single-axis Tracking,Pollinator,,
InSPIRE/Sites/Carter Farms,Habitat,1.3,6.5,2019,Monofacial PV,Single-axis Tracking,"Pollinator, Native grasses",,
InSPIRE/Sites/Catherine,Grazing,4.3,19,2024,,Single-axis Tracking,,,Sheep
InSPIRE/Sites/Catskill View Solar Farm,"Habitat,Grazing",6,10,2022,,Single-axis Tracking,Pollinator,,Sheep
InSPIRE/Sites/Cedar RD,Grazing,2.5,13.6,2017,,Fixed,,,Sheep
InSPIRE/Sites/Centaurus Community Solar,"Habitat,Grazing",2.6,14.33,2017,Other,Fixed,Pollinator,,Sheep
InSPIRE/Sites/Center Road,Habitat,2.9,9.15,2022,,Fixed,Pollinator,,
InSPIRE/Sites/Centerfield Solar,Habitat,1.4,9.2,2019,,Single-axis Tracking,Pollinator,,
InSPIRE/Sites/Central 40,Grazing,50.3,220,2021,,Single-axis Tracking,,,Sheep
InSPIRE/Sites/Chambers Road Solar,Grazing,5.5,15.3,2020,,Fixed,,,Sheep
InSPIRE/Sites/Chariot Solar,Habitat,1.4,7.8,2021,,Single-axis Tracking,Pollinator,,
InSPIRE/Sites/Charter Durabar,Habitat,2.9,15.41,2021,,Single-axis Tracking,Pollinator,,
InSPIRE/Sites/Chatfield Farms Solar Garden,Crop Production,1.2,4,2024,Bifacial PV,Single-axis Tracking,,"Vegetables, herbs, fruits",
InSPIRE/Sites/Cheyenne Solar,Habitat,1.4,10.6,2020,,Single-axis Tracking,Pollinator,,
InSPIRE/Sites/Chisago Solar,"Habitat,Grazing",9.6,53,2016,Monofacial PV,Single-axis Tracking,"Pollinator, Native grasses",,Sheep
InSPIRE/Sites/Christoffer Solar,Habitat,1.4,9.5,2020,,Single-axis Tracking,Pollinator,,
InSPIRE/Sites/Chub Garden Solar,Habitat,1.3,6.8,2020,,Fixed,Pollinator,,
InSPIRE/Sites/Citizen B,Grazing,7.1,40,2015,,Fixed,,,Sheep
InSPIRE/Sites/Claverack Creek Solar Farm,"Habitat,Grazing",6,30,2022,,Single-axis Tracking,Pollinator,,Sheep
InSPIRE/Sites/Clay FS PV,Habitat,2.7,12.2,2021,,Fixed,Pollinator,,
InSPIRE/Sites/Colorado State University-ARDEC,Crop Production,0.01,0.05,2019,Translucent PV,Fixed,,"Peppers, Tomatoes, Squash, Lettuce, Herbs",
InSPIRE/Sites/Comanche Solar,Grazing,150,1000,2016,,Single-axis Tracking,,,Sheep
InSPIRE/Sites/Conagra St. Elmo,Habitat,2.2,8.5,2021,,Single-axis Tracking,Pollinator,,
InSPIRE/Sites/Connexus Energy HQ: Solar Farmland for Emerging Farmers,"Crop Production,Habitat",0.245,1.2,2014,Monofacial PV,Fixed,"Pollinator, Native grasses","Vegetables (kohlrabi, cabbage, kale, chard, peppers, basil, tomatoes)",
InSPIRE/Sites/Conrath DPC Solar,Habitat,1.2,7,2017,,Single-axis Tracking,Pollinator,,
InSPIRE/Sites/Cople,Habitat,0.788,4.3,2019,,Fixed,Pollinator,,
"InSPIRE/Sites/Coral Bells Solar, LLC",Habitat,1.5,8.35,2020,,Single-axis Tracking,Pollinator,,
InSPIRE/Sites/Cornell Snyder Road Solar Array,Grazing,2,7.7,2014,,Fixed,,,Sheep
InSPIRE/Sites/Cornillie,Habitat,1.4,7.06,2018,,Fixed,Pollinator,,
InSPIRE/Sites/Corvus Community Solar,"Habitat,Grazing",6.5,33.5,2018,Other,Fixed,Pollinator,,Sheep
InSPIRE/Sites/Cottage Grove Project CSG,Habitat,6.4,23.1,2018,,Fixed,Native grasses,,
InSPIRE/Sites/Cougar Solar,Habitat,1.4,8.4,2020,,Single-axis Tracking,Pollinator,,
InSPIRE/Sites/Coyote Clovis,Habitat,2.5,10,2021,,Single-axis Tracking,Pollinator,,
InSPIRE/Sites/Cozy Cove Farm,Grazing,0.05,0.23,2013,,Fixed,,,Llamas and Alpacas
InSPIRE/Sites/Cranberry Highway,Habitat,2.9,14.5,2020,,Fixed,Pollinator,,
InSPIRE/Sites/Crater Community Solar,"Habitat,Grazing",3.9,18.03,2017,Other,Fixed,Pollinator,,Sheep
InSPIRE/Sites/Crux Community Solar,Habitat,1.5,12.45,2019,,Fixed,Native grasses,,
InSPIRE/Sites/Cumberland Solar Farm,Grazing,20,160,2018,,Single-axis Tracking,,,Sheep
InSPIRE/Sites/DVL Solar,Habitat,1.4,10.75,2019,,Single-axis Tracking,Pollinator,,
InSPIRE/Sites/Delphinus Community Solar,Habitat,2.6,12.13,2018,Other,Fixed,Pollinator,,
InSPIRE/Sites/Denison University Bioreserve Array,Habitat,2.3,10,2017,,Single-axis Tracking,Pollinator,,
InSPIRE/Sites/Denn Solar,Habitat,7,31.2,2019,,Fixed,Pollinator,,
InSPIRE/Sites/Devine Johnson,Habitat,5,4,,,Fixed,Native grasses,,
InSPIRE/Sites/Dighton,Grazing,4.5,24.8,2017,,,,,Sheep
InSPIRE/Sites/Dighton Tremont St Agrivoltaic Project,"Crop Production,Habitat,Grazing",3.6,19,2023,Bifacial PV,Single-axis Tracking,"Naturalized, Pollinator",Mixed vegetables,Sheep
InSPIRE/Sites/Dodge center,Habitat,9.9,58.6,2016,Monofacial PV,Single-axis Tracking,Pollinator,,
InSPIRE/Sites/Domino Farms Solar Farm,Habitat,1.1,12,2015,Monofacial PV,Fixed,Pollinator,,
InSPIRE/Sites/Dot Com Solar,Habitat,1.6,9.7,2021,,Single-axis Tracking,Pollinator,,
InSPIRE/Sites/Douglas Oak St Agrivoltaic Project,"Crop Production,Habitat,Grazing",3.5,20,2024,Bifacial PV,Single-axis Tracking,"Naturalized, Pollinator",Hay,Cattle
InSPIRE/Sites/Downsville DPC Solar,Habitat,1.4,9.5,2017,,Single-axis Tracking,Pollinator,,
InSPIRE/Sites/Dubhe Solar,Habitat,1.4,10.3,2018,,Single-axis Tracking,Pollinator,,
InSPIRE/Sites/Dundas Solar Holdings LLC,Habitat,6.6,37.39,2018,,Fixed,Pollinator,,
InSPIRE/Sites/Dynamic Agrivoltaic Shelterbelt,Crop Production,0.0065,0.23,2024,Bifacial PV,Single-axis Tracking,,,
InSPIRE/Sites/E.W. Brown Solar Facility,"Habitat,Grazing",10,50,2016,,Fixed,,,Sheep
InSPIRE/Sites/EHW Solar,Habitat,0.6,7.2,2019,,Single-axis Tracking,Pollinator,,
InSPIRE/Sites/ER Salvage Yard- Hess,Habitat,2.8,9.35,2021,,Fixed,Pollinator,,
InSPIRE/Sites/Eagle Point,Habitat,13.1,41,2017,Monofacial PV,Single-axis Tracking,,,
InSPIRE/Sites/Easton Wastewater Treatment Plant,Habitat,2,16,2021,,Fixed,Pollinator,,
InSPIRE/Sites/Eastwood Q,Habitat,8.2,48.4,2016,Monofacial PV,Single-axis Tracking,Pollinator,,
InSPIRE/Sites/Eau Claire Electric Cooperative Membersolar Array,Grazing,0.858,4,2016,,Fixed,,,Sheep
InSPIRE/Sites/Edwardsville Solar II,Habitat,2.8,18.13,2021,,Single-axis Tracking,Pollinator,,
InSPIRE/Sites/Eggo Solar,Habitat,1.4,11.2,2019,,Single-axis Tracking,Pollinator,,
InSPIRE/Sites/Eichtens II CSG,Habitat,1.4,7.57,2018,,Fixed,Pollinator,,
InSPIRE/Sites/Eiffel Solar,Grazing,314,1500,2022,,Single-axis Tracking,,,Sheep
InSPIRE/Sites/Electric City Solar,Habitat,18.9,130,2020,Monofacial PV,Single-axis Tracking,"Pollinator, Native grasses",,
InSPIRE/Sites/Erin Garden Solar,Habitat,1.3,4.8,2020,,Fixed,Native grasses,,
InSPIRE/Sites/Everson Garden,Habitat,1.5,7.34,2022,,Single-axis Tracking,Pollinator,,
InSPIRE/Sites/FL Starratt,Grazing,7,27,2017,,,,,Sheep
InSPIRE/Sites/Fall River,Habitat,98.84,200,2022,,Single-axis Tracking,"Pollinator, Native grasses",,
InSPIRE/Sites/Falls Creek Garden,Habitat,1.3,4.85,2020,,Fixed,Native grasses,,
InSPIRE/Sites/Fargo Road Solar,Habitat,3.2,17.5,2022,Bifacial PV,Single-axis Tracking,Pollinator,,
InSPIRE/Sites/Farmington Holdco Solar,"Habitat,Grazing",6.2,27.78,2017,Monofacial PV,Fixed,Pollinator,,Sheep
InSPIRE/Sites/FastSun 1,Habitat,1.3,9.68,2019,,Single-axis Tracking,Pollinator,,
InSPIRE/Sites/FastSun 10,Habitat,1.4,8.7,2020,,Single-axis Tracking,Pollinator,,
InSPIRE/Sites/FastSun 11,Habitat,1.4,10,2020,,Single-axis Tracking,Pollinator,,
InSPIRE/Sites/FastSun 13,Habitat,1.3,9.21,2019,,Single-axis Tracking,Pollinator,,
InSPIRE/Sites/FastSun 14,Habitat,1.4,14,2019,,Single-axis Tracking,Pollinator,,
InSPIRE/Sites/FastSun 18,Habitat,1.3,10.2,2020,,Single-axis Tracking,Pollinator,,
InSPIRE/Sites/FastSun 19,Habitat,1.4,11.6,2020,,Fixed,Pollinator,,
InSPIRE/Sites/FastSun 2,Habitat,1.4,13.25,2020,,Single-axis Tracking,Pollinator,,
InSPIRE/Sites/FastSun 21,Habitat,1.5,4.7,2021,,Single-axis Tracking,Pollinator,,
InSPIRE/Sites/FastSun 3,Habitat,1.4,9.9,2019,,Single-axis Tracking,Pollinator,,
InSPIRE/Sites/FastSun 7,Habitat,1.2,7.36,2019,,Single-axis Tracking,Pollinator,,
InSPIRE/Sites/FastSun 8,Habitat,1.4,9.96,2019,,Single-axis Tracking,Pollinator,,
InSPIRE/Sites/FastSun 9,Habitat,1.4,12.46,2020,,Single-axis Tracking,Pollinator,,
InSPIRE/Sites/Felton CSG PV1-5,"Habitat,Grazing",6.5,70,2019,,Fixed,Native grasses,,Sheep
InSPIRE/Sites/Fennimore Solar,Habitat,4.11,17.5,2019,,Single-axis Tracking,Pollinator,,
InSPIRE/Sites/Fiddlehead Farms,Crop Production,,0.3,2023,Monofacial PV,,,"grapes, persimmons, blueberries, peaches, pears, apples, kiwis, tomatoes, peppers, broccoli, kale",
InSPIRE/Sites/Fitchburg Renewables,"Habitat,Grazing",5.1,18.8,2020,,Fixed,Pollinator,,Sheep
InSPIRE/Sites/Fitchburg Solar,"Habitat,Grazing",0.7,3.7,2017,,Fixed,Pollinator,,Sheep
InSPIRE/Sites/Five Points Solar Park,Grazing,84.1,480,2016,,Single-axis Tracking,,,Sheep
InSPIRE/Sites/Flower Solar,Habitat,1.4,9.6,2020,,Single-axis Tracking,Pollinator,,
InSPIRE/Sites/Fond Du Lac,Habitat,1.2,6,2021,,Fixed,Pollinator,,
InSPIRE/Sites/Forest City Solar,Habitat,4,12.5,2019,,Single-axis Tracking,Pollinator,,
InSPIRE/Sites/Fountain,Habitat,3.8,20.93,2021,,Single-axis Tracking,Pollinator,,
"InSPIRE/Sites/Fox CSG, LLC","Habitat,Grazing",6.5,31,2018,,Fixed,Native grasses,,Sheep
InSPIRE/Sites/Foxhound Solar,Habitat,108,580,2023,,Single-axis Tracking,Pollinator,,
InSPIRE/Sites/Franks II,Habitat,2.9,16.1,2020,,Single-axis Tracking,Pollinator,,
InSPIRE/Sites/Frederick Urbana Solar,Grazing,7.5,10.8,2018,,Single-axis Tracking,,,Sheep
InSPIRE/Sites/French Road Solar II PV,Habitat,2.8,18,2022,,Single-axis Tracking,Pollinator,,
InSPIRE/Sites/GRE Marshan Solar,Habitat,1.2,6.5,2017,,Fixed,Pollinator,,
InSPIRE/Sites/GSI Assumption,Habitat,2,7.5,2021,,Single-axis Tracking,Pollinator,,
InSPIRE/Sites/GSPP Held LLC CSG,"Habitat,Grazing",4,25.3,2019,Monofacial PV,Fixed,Pollinator,,Sheep
InSPIRE/Sites/Gardiner Our Kids Farm,Crop Production,0.028,0.15,2019,Monofacial PV,Fixed,,"Assorted vegetables - broccoli, kale, cabbage, swiss chard, strawberries, tomatoes, peppers, eggplant, squash - winter and summer, cucumbers, kohlrabi, herbs, salad greens, celery, onions, shallots, leeks, string beans and peas.",
InSPIRE/Sites/Gardner Clark Road,"Habitat,Grazing",7.1,18.7,2020,,Fixed,Pollinator,,Sheep
InSPIRE/Sites/Gaskell West 1 Solar Facility,Grazing,168,700,2018,,Single-axis Tracking,,,Sheep
InSPIRE/Sites/Geauga,Habitat,0.322,2,2021,,Fixed,Pollinator,,
InSPIRE/Sites/Gemini Community Solar,"Habitat,Grazing",3.9,18.64,2017,Other,Fixed,Pollinator,,Sheep
InSPIRE/Sites/Geneva,Grazing,2.8,12,2015,Monofacial PV,Fixed,,,Sheep
InSPIRE/Sites/George Hill,Grazing,4,19,,,Single-axis Tracking,,,Sheep
InSPIRE/Sites/Georgetown Project,Habitat,0.149,2,2020,,Fixed,Pollinator,,
"InSPIRE/Sites/Geranium Solar, LLC",Habitat,1.5,7.9,2020,,Single-axis Tracking,Pollinator,,
InSPIRE/Sites/Giffen Solar Park,Grazing,27.9,160,2017,,Single-axis Tracking,,,Sheep
InSPIRE/Sites/Gilcrest V,Grazing,5,25.01,2021,,Single-axis Tracking,,,Sheep
InSPIRE/Sites/GilcrestSun,Grazing,2.2,10.905,2021,,Single-axis Tracking,,,Sheep
InSPIRE/Sites/Gill Solar,"Habitat,Grazing",2.77,11.4,2018,,Fixed,Pollinator,,Sheep
InSPIRE/Sites/Giveback- Salsola mowing,Habitat,2.5,13.5,2022,,,Pollinator,,
InSPIRE/Sites/Goldtree Solar Farm,Grazing,5.6,18.5,2018,,Single-axis Tracking,,,Sheep
InSPIRE/Sites/Good Solar,Habitat,1.4,9.7,2018,,Single-axis Tracking,Pollinator,,
InSPIRE/Sites/Goodenow Road East Solar 1,Habitat,2.6,14.52,,Bifacial PV,Single-axis Tracking,Pollinator,,
InSPIRE/Sites/Goodhue,"Habitat,Grazing",1.4,6.61,2018,,Fixed,Pollinator,,Sheep
InSPIRE/Sites/Goodhue Community Solar Three,Grazing,1.4,5.09,2020,,Fixed,,,Sheep
InSPIRE/Sites/Goodhue Community Solar Two,Grazing,1.4,7.92,2020,,Fixed,,,Sheep
InSPIRE/Sites/Goodrich Solar,Habitat,2.7,12,2022,,Single-axis Tracking,Pollinator,,
InSPIRE/Sites/Goose Lake,Habitat,1.9,9,2019,,Single-axis Tracking,Pollinator,,
InSPIRE/Sites/Gopher CSG,Habitat,7.2,31,2018,Monofacial PV,Fixed,Pollinator,,
InSPIRE/Sites/Grafton Solar,"Crop Production,Grazing",3.7,12,2016,,Fixed,,"Squash, lettuce",Cows
InSPIRE/Sites/Grafton Solar - Old Upton Road,Grazing,1.7,4,2013,,Fixed,,,Sheep
InSPIRE/Sites/Grand Ronde,Habitat,3.1,15.5,2017,Monofacial PV,Fixed,"Pollinator, Native grasses",,
InSPIRE/Sites/Grande Ridge Solar Farm,Habitat,22.8,126,2012,Monofacial PV,Fixed,Pollinator,,
InSPIRE/Sites/Greenhouse Solar,Habitat,1.4,6.2,2020,,Single-axis Tracking,Pollinator,,
InSPIRE/Sites/Grey Cloud Solar,Habitat,1.5,8.5,2019,,Single-axis Tracking,Pollinator,,
InSPIRE/Sites/Groton Road,Grazing,0.99,8.8,2016,,Fixed,,,Sheep
InSPIRE/Sites/Groton School Road,Grazing,0.995,6,2016,,Fixed,,,Sheep
InSPIRE/Sites/Growing Green - Spaces of Opportunity,Crop Production,0.0048,0.008,2024,Monofacial PV,Fixed,,Various vegetables,
InSPIRE/Sites/H (2019),Habitat,6.4,30.5,,Monofacial PV,Fixed,Pollinator,,
InSPIRE/Sites/Hadley 2 Solar,"Habitat,Grazing",2.41,10,2016,,Fixed,Pollinator,,Sheep
InSPIRE/Sites/Hadley 3 (North),"Habitat,Grazing",4.6,8.1,2019,,Fixed,Pollinator,,Sheep
InSPIRE/Sites/Hadley 3 (South),"Habitat,Grazing",2.6,7.1,2019,,Fixed,Pollinator,,Sheep
InSPIRE/Sites/Hammer CSG,Habitat,6.4,34.64,2018,,Single-axis Tracking,Native grasses,,
InSPIRE/Sites/Hampton,Habitat,2.5,12,2018,,Single-axis Tracking,Pollinator,,
InSPIRE/Sites/Hancock Solar,Habitat,1.4,8.4,2021,,Single-axis Tracking,Pollinator,,
InSPIRE/Sites/Harford Solar Farm,Grazing,2.8,12.5,2016,,Fixed,,,Sheep
InSPIRE/Sites/Harlow Farms,Habitat,0.124,1,2019,,Fixed,Pollinator,,
InSPIRE/Sites/Hastings Solar,Habitat,6.8,41.3,2016,Monofacial PV,Single-axis Tracking,Pollinator,,
InSPIRE/Sites/Hatfield Renewables,"Habitat,Grazing",2.47,11.6,2017,,Fixed,Pollinator,,Sheep
InSPIRE/Sites/Haven Solar,Habitat,4.2,9.36,2019,,Fixed,Pollinator,,
InSPIRE/Sites/Haverhill Hilldale Ave Agrivoltaic Project,"Crop Production,Habitat,Grazing",2,25,2023,Bifacial PV,Single-axis Tracking,Pollinator,Cucurbits & solanaceous crops,Cattle
InSPIRE/Sites/Hawai'i Agrivoltaic Research and Demonstration Center,"Crop Production,Grazing",50.1,230,2022,Bifacial PV,Single-axis Tracking,,"Radish, daikon, beets, melons, kabocha squash, broccoli, cabbage, collards, peppers, cauliflower, bush beans, eggplant, poha berries, bunching onion, lavender, strawberries, sweet potato, dryland taro, tomatoes, mamaki tea, asparagus, tea, coffee, protea, vanilla, peppercorn, maile (local vining flower) carrots, celery, cilantro, chard, lettuce, fennel, and basil",Sheep
InSPIRE/Sites/Haywood Solar Farm,Grazing,3.9,48,2017,,Single-axis Tracking,,,Sheep
InSPIRE/Sites/Hayworth Solar,Grazing,33.3,160,2015,Other,Single-axis Tracking,,,Sheep
InSPIRE/Sites/Hazel,Grazing,3.8,20,2021,,Single-axis Tracking,,,Sheep
InSPIRE/Sites/Hazlehurst II Solar Farm,Grazing,74.1,425,2016,,Single-axis Tracking,,,Sheep
InSPIRE/Sites/Helen CSG 1,Habitat,5.6,7.5,2020,,Single-axis Tracking,Pollinator,,
InSPIRE/Sites/Herrington Community Solar Farm,"Habitat,Grazing",7.5,25,2021,,Single-axis Tracking,Pollinator,,Sheep
InSPIRE/Sites/Hertzberg Community Solar Garden,Habitat,1.4,8.52,2020,,Single-axis Tracking,Pollinator,,
InSPIRE/Sites/Hobart Solar LLC,Grazing,1.3,5.3,2012,,Fixed,,,Sheep
InSPIRE/Sites/Hockey Pad Solar,Habitat,0.4,4.3,2019,,Single-axis Tracking,Pollinator,,
InSPIRE/Sites/Hodag,Habitat,9.7,47,2022,Bifacial PV,Single-axis Tracking,Pollinator,,
InSPIRE/Sites/Hoot Lake Solar,Habitat,49.9,312.5,2023,,Fixed,Pollinator,,
InSPIRE/Sites/Horne Homestead,Grazing,1.9,8,,,Fixed,,,Sheep
InSPIRE/Sites/Horne North Solar,Habitat,1.4,8,2020,,Single-axis Tracking,Pollinator,,
InSPIRE/Sites/Horne South Solar,Habitat,1.4,7.69,2020,,Single-axis Tracking,Pollinator,,
InSPIRE/Sites/Houston Ranch,Grazing,98.5,706,2021,,Single-axis Tracking,,,Sheep
InSPIRE/Sites/Houston Solar Array,Crop Production,8.5,40,2023,Bifacial PV,Fixed,,"Native berry plants, vegetable crops, and forage crops",
InSPIRE/Sites/Hubers Solar,Habitat,1.4,8.5,2021,,Single-axis Tracking,Pollinator,,
"InSPIRE/Sites/Huneke (CSG) 1, LLC",Grazing,1.4,7.41,2020,,Single-axis Tracking,,,Sheep
"InSPIRE/Sites/Huneke (CSG) 2, LLC",Grazing,1.4,7.37,2020,,Single-axis Tracking,,,Sheep
InSPIRE/Sites/Huneke II CSG,Habitat,1.4,6.7,2018,,Fixed,Pollinator,,
"InSPIRE/Sites/Hyacinth Solar, LLC",Habitat,1.5,7.49,2020,Other,Single-axis Tracking,Pollinator,,
InSPIRE/Sites/IMS Solar Garden,Habitat,6.513,27.4,2017,,Fixed,Pollinator,,
InSPIRE/Sites/Idaho: Habitat,Habitat,2,5,2019,Monofacial PV,Fixed,Pollinator,,
InSPIRE/Sites/Impact Solar I,"Habitat,Grazing",260,1900,2020,,Single-axis Tracking,Pollinator,,Sheep
InSPIRE/Sites/Inovateus Solar - Orange,Habitat,7.5,22,2022,,Single-axis Tracking,Pollinator,,
InSPIRE/Sites/Inovateus Solar - Walton,Habitat,3.4,2.5,2022,,Single-axis Tracking,Pollinator,,
"InSPIRE/Sites/Iris Solar, LLC (MN)",Habitat,1.5,7.28,2020,,Single-axis Tracking,Pollinator,,
InSPIRE/Sites/J (2019),"Grazing,Habitat",7,29.61,,Monofacial PV,Fixed,Pollinator,,Sheep
InSPIRE/Sites/JJ Clay Solar,Habitat,1.4,8,2020,,Single-axis Tracking,Pollinator,,
InSPIRE/Sites/JJ Solar,Habitat,1.4,9.3,2019,,Single-axis Tracking,Pollinator,,
InSPIRE/Sites/Jacks Solar Garden,"Crop Production,Habitat,Grazing",1.1,5,2020,Monofacial PV,Single-axis Tracking,"Pollinator, Native grasses","tomato, pepper, kale, radish, eggplant, 30+ crop types",Sheep
InSPIRE/Sites/Jackson II Solar Farm,Grazing,2,12,2022,Other,Single-axis Tracking,,,Sheep
InSPIRE/Sites/James Madison University ISAT Solar Facility,Habitat,0.3,1.64,2022,Other,Fixed,Pollinator,,
InSPIRE/Sites/Jeffco Solar,Habitat,1.5,6.25,2016,,Single-axis Tracking,Pollinator,,
InSPIRE/Sites/Joe Czajkowski Farm,Crop Production,0.445,2.2,2023,Bifacial PV,Single-axis Tracking,,Broccoli,
InSPIRE/Sites/Jonesborough II Solar,Grazing,5,70,2018,Other,Single-axis Tracking,,,Sheep
InSPIRE/Sites/Judd Road Solar,Grazing,7.5,25,2022,,Fixed,,,Sheep
InSPIRE/Sites/Juno Solar Project,Grazing,412,1975,2021,Other,Single-axis Tracking,,,Sheep
InSPIRE/Sites/KVPV Solar,Habitat,1.4,8.9,2020,,Single-axis Tracking,Pollinator,,
InSPIRE/Sites/Ka Lae Solar Farm,Grazing,0.991,4.23,,,,,,Sheep
InSPIRE/Sites/Kankakee,Habitat,2.9,15.38,2020,,Single-axis Tracking,Pollinator,,
InSPIRE/Sites/Kankakee Solar 4 LLC,Grazing,2.8,9.4,2020,,Single-axis Tracking,,,Sheep
InSPIRE/Sites/Kasch Solar,Habitat,1.4,8.6,2018,,Single-axis Tracking,Pollinator,,
InSPIRE/Sites/Kass Solar,Habitat,1.4,9.7,2021,,Fixed,Pollinator,,
InSPIRE/Sites/Kaus Community Solar,Habitat,1.5,8.76,2019,Other,Fixed,Native grasses,,
InSPIRE/Sites/Kearney NPPD Solar Project,Habitat,7.2,35,2017,Monofacial PV,Single-axis Tracking,Pollinator,,
InSPIRE/Sites/Kelly Road,Grazing,1,5,2016,,Fixed,,,Sheep
InSPIRE/Sites/Kettleman Solar,Grazing,27,220,2015,,Single-axis Tracking,,,Sheep
InSPIRE/Sites/King 2 Solar,Habitat,1.4,11.7,2019,,Single-axis Tracking,Pollinator,,
InSPIRE/Sites/Kirkland Project 1,Habitat,2.9,19.4,,,Single-axis Tracking,Pollinator,,
InSPIRE/Sites/Knapp East (CSG),Grazing,6.3,22.08,2021,,Fixed,,,Sheep
InSPIRE/Sites/Knapp West (CSG),Grazing,6.1,21.44,2021,,Fixed,,,Sheep
InSPIRE/Sites/Kost Trail Solar,Habitat,1.4,10.9,2019,,Single-axis Tracking,Pollinator,,
InSPIRE/Sites/Kreye,"Habitat,Grazing",4.6,27.4,,,Single-axis Tracking,Pollinator,,Sheep
InSPIRE/Sites/Lafayette DPC Solar,Habitat,1.2,7.9,2017,,Single-axis Tracking,Pollinator,,
"InSPIRE/Sites/Lahr 1, LLC",Habitat,7.1,36,2018,,Fixed,Pollinator,,
InSPIRE/Sites/Lake Emily,Habitat,6.6,30.3,2016,Monofacial PV,Single-axis Tracking,Pollinator,,
InSPIRE/Sites/Lake Herman,Habitat,7,30.1,2021,Other,Single-axis Tracking,"Pollinator, Native grasses",,
InSPIRE/Sites/Lake Patterson Solar,Habitat,1.4,9.9,2019,,Single-axis Tracking,Pollinator,,
InSPIRE/Sites/Lake Pulaski,Habitat,10.92,68,2016,Monofacial PV,Single-axis Tracking,Pollinator,,
InSPIRE/Sites/Lake Waconia IV Community Solar Garden,Habitat,1.4,9.25,2018,Monofacial PV,Fixed,Pollinator,,
InSPIRE/Sites/Lancaster Solar Farm,Grazing,114,645,2021,Other,Single-axis Tracking,,,Sheep
InSPIRE/Sites/Lansing Renewables,Grazing,6.7,25,2020,,Single-axis Tracking,,,Sheep
InSPIRE/Sites/Lawrence Brook,Habitat,2.79,9.4,2020,,Fixed,Pollinator,,
InSPIRE/Sites/Lawrence Creek X,"Habitat,Grazing",5.3,24.5,2016,Monofacial PV,Single-axis Tracking,"Pollinator, Native grasses",,Sheep
InSPIRE/Sites/LeGore Bridge Solar Center,Grazing,20,175,2022,,,,,Sheep
"InSPIRE/Sites/Leavenworth Greenworks, LLC",Grazing,14.3,48.5,2016,,Fixed,,,Sheep
InSPIRE/Sites/Leo Community Solar,Habitat,1.5,9.03,2018,Other,Fixed,Native grasses,,
InSPIRE/Sites/Leven Garden Solar,Habitat,1.3,4.36,2020,,Fixed,Native grasses,,
InSPIRE/Sites/Liberty Pole DPC Solar,Habitat,1.6,9.3,2017,,Single-axis Tracking,Pollinator,,
InSPIRE/Sites/Linden 01 CSG,Habitat,1.5,7.46,2020,,Fixed,Pollinator,,
InSPIRE/Sites/Linden 02 CSG,Habitat,1.5,7.46,2020,,Fixed,Pollinator,,
InSPIRE/Sites/Linden 03 CSG,Habitat,1.5,7.46,2020,,Fixed,Pollinator,,
InSPIRE/Sites/Logansport Municipal Utility (LMU),Habitat,19.27,80,2021,Monofacial PV,Fixed,Pollinator,,
InSPIRE/Sites/Loon Garden,Habitat,1.3,5.125,2020,,Fixed,Native grasses,,
InSPIRE/Sites/Luciana,Grazing,72.5,330,2022,,Single-axis Tracking,,,Sheep
InSPIRE/Sites/Lunenburg Settlers Solar,"Habitat,Grazing",5.8,23.2,2020,,Fixed,Pollinator,,Sheep
InSPIRE/Sites/Lyra Community Solar,"Habitat,Grazing",3.9,14.84,2018,Other,Fixed,Pollinator,,Sheep
"InSPIRE/Sites/MSC-Empire01, LLC (Empire)",Habitat,1.5,10,2019,,Single-axis Tracking,Pollinator,,
InSPIRE/Sites/MTSun,Habitat,103.7,675,2022,,Single-axis Tracking,"Pollinator, Native grasses",,
InSPIRE/Sites/Macon-Bibb County,Grazing,3.9,23.06,,,,,,Sheep
InSPIRE/Sites/Madison Fields Solar Project (MFSP),"Crop Production,Grazing",180,1280,2023,Monofacial PV,Fixed,,"Hay, Alfalfa, corn, soy",
InSPIRE/Sites/Maine blueberry site,Crop Production,4.3,12,2021,Monofacial PV,Fixed,,Blueberries,
InSPIRE/Sites/Manchester Solar Site,Grazing,3.8,12,2022,,Fixed,,,Sheep
InSPIRE/Sites/Manzo Elementary School,Crop Production,0.25,1.25,2015,,Fixed,,"Potatoes, tomatoes, basil, beans, squash",
InSPIRE/Sites/Maple City,Habitat,1.85,13.2,2022,,Fixed,"Pollinator, Native grasses",,
InSPIRE/Sites/Mapleton Community Solar,"Habitat,Grazing",3.9,22.01,2017,Other,Fixed,Pollinator,,Sheep
InSPIRE/Sites/Marstons Mills,Habitat,4.5,27.5,2014,,Fixed,Pollinator,,
InSPIRE/Sites/Massachusetts farm,Crop Production,0.1,0.5,2011,Monofacial PV,Fixed,,"Squash, broccoli",
InSPIRE/Sites/Maston Garden Solar,Habitat,1.3,6.29,2020,,Fixed,Native grasses,,
InSPIRE/Sites/Matterhorn Community Solar,Grazing,2,14,2023,,,,,Sheep
InSPIRE/Sites/Mauntel's Solar Sheep,"Grazing,Habitat",1.3,5,2018,,Single-axis Tracking,"Naturalized, Pollinator",,Sheep
InSPIRE/Sites/Mayhew Solar,Habitat,1.4,9.8,2020,,Single-axis Tracking,Pollinator,,
InSPIRE/Sites/Mechanicsville Solar Park,Grazing,35,220,2020,,Single-axis Tracking,,,Sheep
InSPIRE/Sites/Medford DPC Solar,Habitat,2.5,16,2017,,Single-axis Tracking,Pollinator,,
InSPIRE/Sites/Melnik Farm,"Crop Production,Grazing",0.025,0.5,2012,Monofacial PV,Fixed,,"Zucchini, broccoli, leafy greens, watermelon",Horse
InSPIRE/Sites/Mennie South FC PV,Habitat,3,12.2,,,Fixed,Pollinator,,
InSPIRE/Sites/Meyer Community Solar Garden,Habitat,0.441,3.16,2022,,Fixed,Pollinator,,
InSPIRE/Sites/Michael Solar,Habitat,4.2,41,2017,Monofacial PV,Fixed,Pollinator,,
InSPIRE/Sites/Midtown Solar,Habitat,1.4,9.86,2020,,Single-axis Tracking,Pollinator,,
InSPIRE/Sites/Milkweed Solar,Habitat,1.4,8.8,2020,,Single-axis Tracking,Pollinator,,
InSPIRE/Sites/Millard-newfield,Grazing,7.5,30,2019,Monofacial PV,Fixed,,,Sheep
InSPIRE/Sites/Millington Ranch (I and II),Grazing,202,1850,2018,Other,Single-axis Tracking,,,Sheep
InSPIRE/Sites/Million Little Sunbeams,Crop Production,0.25,1,2020,Bifacial PV,Single-axis Tracking,,Hay,
InSPIRE/Sites/Mohawk View Solar,"Habitat,Grazing",7.5,27,2021,,Single-axis Tracking,"Pollinator, Native grasses",,Sheep
InSPIRE/Sites/Monarch Solar,Habitat,1.4,8.7,2020,,Single-axis Tracking,Pollinator,,
InSPIRE/Sites/Monee Solar,Grazing,2,30.13,2024,,,,,Sheep
InSPIRE/Sites/Monroe Solar Facility,Grazing,74.6,400,2017,,Fixed,,,Sheep
InSPIRE/Sites/Montegomery sheep farm,Grazing,25,200,2015,,Fixed,,,Sheep
InSPIRE/Sites/Monticello Project CSG,Habitat,6.7,35.78,2018,,Single-axis Tracking,Native grasses,,
InSPIRE/Sites/Montrose S,"Habitat,Grazing",4.98,23.46,2016,Monofacial PV,Single-axis Tracking,"Pollinator, Native grasses",,Sheep
InSPIRE/Sites/Morgan Community Solar,"Habitat,Grazing",3.9,21.74,2017,Other,Fixed,Pollinator,,Sheep
InSPIRE/Sites/Mossberg Drive,Grazing,0.65,6,2015,,Fixed,,,Sheep
InSPIRE/Sites/Mount Tom,Habitat,5.85,22,2017,Monofacial PV,Fixed,Pollinator,,
InSPIRE/Sites/Mt. Hope DPC Solar,Habitat,1.5,10.6,2017,,Single-axis Tracking,Pollinator,,
InSPIRE/Sites/Mud Garden Solar,Habitat,1.3,4.61,2020,,Fixed,Native grasses,,
InSPIRE/Sites/Mulberry Solar,Grazing,2,9.76,2023,,,,,Sheep
InSPIRE/Sites/Musgrave,Grazing,5.6,22,2016,Monofacial PV,Fixed,,,Sheep
InSPIRE/Sites/Mustang Two Solar Facility,Grazing,211,1160,2020,,Single-axis Tracking,,,Sheep
InSPIRE/Sites/NREL Bifacial Plot (BARN),"Crop Production,Habitat",0.075,0.3,2019,Bifacial PV,Single-axis Tracking,Pollinator,"Tomatoes, pepper, kale, chard, carrot, beans",
InSPIRE/Sites/NREL National Wind Technology Center Solar Vegetation Test Plot,Habitat,1.1,8,2009,Monofacial PV,Single-axis Tracking,Native grasses,,
InSPIRE/Sites/Nash Creek Solar,Habitat,2.4,12,,Monofacial PV,Single-axis Tracking,Pollinator,,
InSPIRE/Sites/National Center for Appropriate Technology,"Crop Production,Habitat",0.045,0.225,2016,,Fixed,"Pollinator, Native grasses",Spring wheat,
InSPIRE/Sites/Native Hill Farm,Crop Production,0.016,0.5,2023,Bifacial PV,Single-axis Tracking,,"Beans, Broccoli, Carrots, Peppers, Potatoes",
InSPIRE/Sites/Nesvold Watertown Solar,Habitat,7,33,2018,Monofacial PV,Fixed,Pollinator,,
InSPIRE/Sites/New Auburn DPC Solar,Habitat,3.7,17.6,2018,,Single-axis Tracking,Pollinator,,
InSPIRE/Sites/New Mexico State University,Crop Production,,,2022,,,,Chiles,
InSPIRE/Sites/New Munich Solar,Habitat,1.4,11.5,2019,,Single-axis Tracking,Pollinator,,
InSPIRE/Sites/Niagara University,Grazing,4,17,2023,,,,,Sheep
InSPIRE/Sites/Nillie Corn Solar,Habitat,1.4,9.1,2018,,Single-axis Tracking,Pollinator,,
InSPIRE/Sites/Norelius Solar,Habitat,1.4,9.5,2019,,Single-axis Tracking,Pollinator,,
InSPIRE/Sites/North Eagle Village Solar,Grazing,7.5,22.8,2022,,Fixed,,,Sheep
InSPIRE/Sites/North Star Solar Project,"Habitat,Grazing",138,850,2016,,Single-axis Tracking,Native grasses,,Sheep
InSPIRE/Sites/Northfield Community Solar,"Habitat,Grazing",6.5,38.81,2016,Other,Fixed,Pollinator,,Sheep
InSPIRE/Sites/Northfield Solar CSG,Habitat,7.2,26.24,2020,,Fixed,Pollinator,,
InSPIRE/Sites/Novel Brooten Solar CSG,Habitat,1.5,13.3,2019,,Fixed,Pollinator,,
InSPIRE/Sites/Novel Energy,Habitat,9.4,58,2021,,Single-axis Tracking,Pollinator,,
InSPIRE/Sites/Novel OYA of Osakis CSG,Habitat,7.2,36.67,2018,,Fixed,Pollinator,,
InSPIRE/Sites/Novel Reber Solar CSG,Habitat,1.5,8,2019,,Fixed,Pollinator,,
InSPIRE/Sites/OE 1 Armstrong Solar,Habitat,3.5,23.9,,,Single-axis Tracking,Pollinator,,
InSPIRE/Sites/OE Solar 2 Blazing Star,Habitat,3.5,24.6,,,,Pollinator,,
InSPIRE/Sites/OE Solar 3 PV,Habitat,2,19.77,2022,,Single-axis Tracking,Pollinator,,
InSPIRE/Sites/OSU 53rd Street Solar Array,Crop Production,0.289,1.6,2013,Monofacial PV,Fixed,,,
InSPIRE/Sites/OSU Vegetable Research Farm Solar Array,Crop Production,0.65,1.6,,Monofacial PV,Fixed,,,
InSPIRE/Sites/Oberlin Spear Point,Grazing,2.3,12,2012,Monofacial PV,Single-axis Tracking,,,Sheep
InSPIRE/Sites/Olney Solar II Array,Habitat,2.7,14.68,2021,,Single-axis Tracking,Pollinator,,
"InSPIRE/Sites/Omni Navitas Holdings, LLC",Grazing,4.6,22,2022,,Single-axis Tracking,,,Sheep
InSPIRE/Sites/Organic Valley,Habitat,2.75,8.4,2019,Monofacial PV,Single-axis Tracking,"Pollinator, Native grasses",,
InSPIRE/Sites/Orion Community Solar,"Habitat,Grazing",3.9,25.3,2017,Other,Fixed,Pollinator,,Sheep
InSPIRE/Sites/Oxford Road,Grazing,0.65,3,2016,,Fixed,,,Sheep
InSPIRE/Sites/Palmer Sykes St Sheep Agrivoltaic Project,Grazing,8.6,23.3,2023,Bifacial PV,Fixed,Pollinator,,Sheep
InSPIRE/Sites/Patterson Road North,Grazing,1,7,2018,,Fixed,,,Sheep
InSPIRE/Sites/Patterson Road South,Grazing,0.53,3,2018,,Fixed,,,Sheep
InSPIRE/Sites/Paw Paw Project 1,Habitat,2.7,16.05,,,Single-axis Tracking,Pollinator,,
InSPIRE/Sites/Paynesville Community Solar,"Habitat,Grazing",6.5,33.7,2016,Other,Fixed,Pollinator,,Sheep
InSPIRE/Sites/Pegasus Community Solar,"Habitat,Grazing",2.6,11.59,2017,Other,Fixed,Pollinator,,Sheep
InSPIRE/Sites/Penfield,Habitat,6.1,28,2020,,Single-axis Tracking,Pollinator,,
InSPIRE/Sites/Penn State Orchard Rd,Habitat,2,15,2018,,Fixed,Pollinator,,
InSPIRE/Sites/Penn State Whitetail 1,Grazing,18.23,166,2019,Bifacial PV,Single-axis Tracking,,,Sheep
InSPIRE/Sites/Penn State Whitetail 2,Habitat,27,167,2020,Bifacial PV,Single-axis Tracking,Pollinator,,
InSPIRE/Sites/Penn State Whitetail 3,Habitat,27,167,2020,Bifacial PV,Single-axis Tracking,Pollinator,,
InSPIRE/Sites/Penn Yan Solar I,Grazing,7.2,,2017,,,,,Sheep
InSPIRE/Sites/Pennsylvania: habitat,Habitat,1.83,5,2018,,Fixed,Pollinator,,
InSPIRE/Sites/Perdue Salisbury Photovoltaic,Habitat,1.2,2.5,2011,,Fixed,Pollinator,,
InSPIRE/Sites/Pheasant Solar,Habitat,1.4,7.5,2020,,Single-axis Tracking,Pollinator,,
InSPIRE/Sites/Pine Island,Habitat,6.5,42.3,2016,Monofacial PV,Single-axis Tracking,Pollinator,,
InSPIRE/Sites/Pivot Energy Minnesota Solar 01 LLC,Grazing,1.2,7.2,2023,Bifacial PV,Single-axis Tracking,,,Sheep
"InSPIRE/Sites/Pivot Solar 1, LLC",Grazing,5,32.5,2022,,Single-axis Tracking,,,Sheep
InSPIRE/Sites/Pivot Solar NY 3,Grazing,2.3,15,,,Single-axis Tracking,,,Sheep
InSPIRE/Sites/Pivot Solar NY 4,Grazing,14.25,2.8,2022,,,,,Sheep
InSPIRE/Sites/Pivot Solar NY 5,Grazing,2.5,15.25,,,Single-axis Tracking,,,Sheep
"InSPIRE/Sites/Pivot Solar NY 6, LLC",Grazing,5,24,,,,,,Sheep
InSPIRE/Sites/Plumas Sierra,Habitat,3.3,15,2018,,Single-axis Tracking,Pollinator,,
InSPIRE/Sites/Podunque Road (CSG),Grazing,6.8,21,2021,,Fixed,,,Sheep
InSPIRE/Sites/Point Beach Solar,Habitat,141,363,2021,,Single-axis Tracking,Pollinator,,
InSPIRE/Sites/Pollux Community Solar,"Habitat,Grazing",0.9,4.83,,,Fixed,Pollinator,,Sheep
InSPIRE/Sites/Ponduque Road (CSG),Grazing,6.8,18.8,2021,,Fixed,,,Sheep
InSPIRE/Sites/Porcher Solar,Habitat,0.85,4.25,2018,,Fixed,Pollinator,,
InSPIRE/Sites/Porter Way Community Solar Garden,Habitat,3.9,14.7,2018,,Fixed,Pollinator,,
InSPIRE/Sites/Prairie Fire,Grazing,5,24,2012,,Fixed,,,Sheep
InSPIRE/Sites/Prairie Wolf Solar,Habitat,255,1500,2021,Other,Single-axis Tracking,"Naturalized, Pollinator, Native grasses",,
"InSPIRE/Sites/Primrose Solar, LLC",Habitat,1.5,6.99,2021,,Single-axis Tracking,Pollinator,,
InSPIRE/Sites/Providence Solar Farm,Grazing,19.9,177,2017,Other,Single-axis Tracking,,,Sheep
InSPIRE/Sites/Pulaski Solar Center,Grazing,2.25,28,,,Fixed,,,Sheep
InSPIRE/Sites/Putnam Solar,Grazing,5,18.7,,,,,,Sheep
InSPIRE/Sites/RAREC Upper Deerfield,Crop Production,0.255,3.41,,,Single-axis Tracking,,Grain and specialty crops,
"InSPIRE/Sites/RE Adams East, LLC",Grazing,24.9,160,2014,Other,Single-axis Tracking,,,Sheep
"InSPIRE/Sites/RE Kansas Solar, LLC",Grazing,27.1,185,2014,Other,Single-axis Tracking,,,Sheep
"InSPIRE/Sites/RE Kent South, LLC",Grazing,26.3,160,2014,Other,Single-axis Tracking,,,Sheep
"InSPIRE/Sites/RJC CSG, LLC",Grazing,1.5,6.2,2021,,Fixed,,,Sheep
"InSPIRE/Sites/Rancho Seco Solar II, LLC","Habitat,Grazing",212.8,554,2021,,Fixed,Pollinator,,Sheep
"InSPIRE/Sites/Rancho Seco Solar, LLC",Grazing,12.5,60.7,2016,Other,Single-axis Tracking,,,Sheep
InSPIRE/Sites/Randolph CSG PV1-5,"Habitat,Grazing",6.5,40,2019,,Fixed,Native grasses,,Sheep
InSPIRE/Sites/Randolph Central Schools: Winchester Community High School,Habitat,0.7,2.5,2021,,Fixed,Pollinator,,
InSPIRE/Sites/Rapidan Solar,Habitat,0.6,6.3,2019,,Single-axis Tracking,Pollinator,,
InSPIRE/Sites/Red Horse,Grazing,75.9,855,2015,Other,Single-axis Tracking,,,Sheep
InSPIRE/Sites/Red Maple,Habitat,3.9,18,2018,,Single-axis Tracking,Pollinator,,
InSPIRE/Sites/Red Wing Community Solar,Habitat,6.1,33,2016,,Fixed,Pollinator,,
InSPIRE/Sites/Redcrest Solar Farm,Grazing,20.9,120,2015,Other,Single-axis Tracking,,,Sheep
InSPIRE/Sites/Reindeer Solar,Habitat,1.4,7.5,2020,,Single-axis Tracking,Pollinator,,
InSPIRE/Sites/Richardson,Grazing,1,6,2016,,Fixed,,,Sheep
InSPIRE/Sites/Richmond CSG,Habitat,7,32,2017,Monofacial PV,Fixed,Pollinator,,
InSPIRE/Sites/River Road,Grazing,1,5,2016,,Fixed,,,Sheep
InSPIRE/Sites/Riverstart Solar Park,"Habitat,Grazing",220,1400,2021,,Single-axis Tracking,Pollinator,,Sheep
InSPIRE/Sites/Riverstart Solar Pilot Project,Grazing,200,1966,2022,,,,,Sheep
InSPIRE/Sites/Rockford CS LLC 1 PV,Habitat,2.6,10.72,2021,,Single-axis Tracking,Pollinator,,
InSPIRE/Sites/Rockford CS LLC 2 PV,Habitat,2.6,11.1,2021,,Single-axis Tracking,Pollinator,,
InSPIRE/Sites/Rockford Solar,Habitat,2.6,9.3,2021,,Fixed,Pollinator,,
InSPIRE/Sites/Rockpoint solar,Habitat,1.4,8.4,2018,Monofacial PV,Single-axis Tracking,Pollinator,,
InSPIRE/Sites/Rosemount Community Solar,"Habitat,Grazing",6.5,33.65,2016,Other,Fixed,Pollinator,,Sheep
InSPIRE/Sites/Round Grove,Habitat,2.4,32,,,,Pollinator,,
InSPIRE/Sites/Route 76 Boone Solar 1 PV,Habitat,2.7,14.35,2020,,Single-axis Tracking,Pollinator,,
InSPIRE/Sites/SUNY Cortland,Grazing,1.118,4,,,Fixed,,,Sheep
InSPIRE/Sites/Saffron in Vermont,Crop Production,0.015,0.1,2018,Monofacial PV,Fixed,,Saffron,
InSPIRE/Sites/Sagitta Community Solar,Habitat,1.5,6.15,2018,Other,Fixed,Native grasses,,
InSPIRE/Sites/Salem,Habitat,0.616,5,2021,,Fixed,Pollinator,,
InSPIRE/Sites/Sand Lake DPC Solar,Habitat,1.5,10.5,2017,,Single-axis Tracking,Pollinator,,
InSPIRE/Sites/Sauk DPC Solar,Habitat,1.2,8.6,2017,,Single-axis Tracking,Pollinator,,
InSPIRE/Sites/Scandia CSG,Habitat,5,62.4,2018,,Single-axis Tracking,Native grasses,,
InSPIRE/Sites/Schull,Habitat,1.4,7.3,2021,,Single-axis Tracking,Pollinator,,
InSPIRE/Sites/Schultz CSG,Habitat,2.6,12.67,2018,,Fixed,Native grasses,,
InSPIRE/Sites/Schwinghamer Project CSG,Habitat,1.4,10,2019,,Fixed,Pollinator,,
InSPIRE/Sites/Selmer I Solar Farm,Grazing,19.9,120,2016,Other,Single-axis Tracking,,,Sheep
InSPIRE/Sites/Seneca,Grazing,5.2,20,2018,Monofacial PV,Fixed,,,Sheep
InSPIRE/Sites/Shamrock/Blue Prarie,Habitat,3.1,15.5,2021,Bifacial PV,Fixed,Pollinator,,
InSPIRE/Sites/Shelburne Museum,Habitat,0.78,4.5,2020,,Fixed,Pollinator,,
InSPIRE/Sites/Shelburne Museum South,Habitat,0.15,1.35,2021,,Fixed,Pollinator,,
InSPIRE/Sites/Sherco Solar Phase 1,Habitat,230,1500,2023,,,Pollinator,,
InSPIRE/Sites/Shrewsbury Solar,Grazing,3.5,12,2012,,Fixed,,,Sheep
InSPIRE/Sites/Sidney Solar PV,Habitat,2.9,14.9,2021,,Single-axis Tracking,Pollinator,,
InSPIRE/Sites/Site 1 TR,Grazing,2.7,12,2019,Monofacial PV,Fixed,,,Sheep
InSPIRE/Sites/Site 3 GR- To be grazed in 2020,Grazing,6.3,30,2019,Monofacial PV,Fixed,,,Sheep
InSPIRE/Sites/Skipjack Solar Center,Grazing,175,2200,2021,,Single-axis Tracking,,,Sheep
InSPIRE/Sites/Slate Solar PV Park,Grazing,390,2120,2022,Bifacial PV,Single-axis Tracking,,,Sheep
InSPIRE/Sites/Slidematic,Habitat,2.5,10.72,2022,,Single-axis Tracking,Pollinator,,
InSPIRE/Sites/Snipesville I Ranch,Grazing,122.8,1500,2020,,Single-axis Tracking,,,Sheep
InSPIRE/Sites/Snipesville II Solar Farm,Grazing,152,1850,2021,Other,Single-axis Tracking,,,Sheep
InSPIRE/Sites/Snipesville III Ranch,Grazing,150,1850,2023,,,,,Sheep
InSPIRE/Sites/Snyder Farm Pittstown,Crop Production,0.095,1.42,,,Single-axis Tracking,,Hay,
InSPIRE/Sites/Solar Dawn,Habitat,1.4,9.8,2018,,Single-axis Tracking,Pollinator,,
InSPIRE/Sites/Solar Farm 2.0 (Northern Cardinal),Habitat,12.32,54,2021,Bifacial PV,Single-axis Tracking,Pollinator,,
InSPIRE/Sites/Solar Grazing at Susquehanna University,Grazing,3.9,14,2018,,Fixed,,,Sheep
InSPIRE/Sites/Solar Harvest,Crop Production,0.326,5,2023,,Single-axis Tracking,,"Alfalfa, arugula, beets, bok choy, cabbage, carrots, chard, garlic, hemp, onions, parsley, radish, spinach, sweet potato, turnips, and yams",
"InSPIRE/Sites/Solar Park Energy, LLC",Grazing,5,33.25,,,,,,Sheep
InSPIRE/Sites/Solar Pollinator Habitat Discovery Trail,Habitat,0.2756,1.5,2019,,Fixed,Pollinator,,
InSPIRE/Sites/Solar Rapids,Habitat,1.4,8.8,2019,,Single-axis Tracking,Pollinator,,
InSPIRE/Sites/Solar Sheep LLC,Grazing,,,2014,Monofacial PV,Fixed,,,Sheep
InSPIRE/Sites/Solar Shepherd,"Habitat,Grazing",5.1,15,2021,,Fixed,Pollinator,,Sheep
InSPIRE/Sites/Solar Sources Solar,Habitat,1.4,10.6,2020,,Single-axis Tracking,Pollinator,,
InSPIRE/Sites/Solar Way,Habitat,1.4,8.9,2020,,Single-axis Tracking,Pollinator,,
InSPIRE/Sites/SoliCulture Greenhouse,Greenhouse,0.01,0.05,,Translucent PV,Fixed,,Greens,
InSPIRE/Sites/Solinator Garden,Habitat,1,6,2020,Monofacial PV,Single-axis Tracking,"Naturalized, Pollinator",,
InSPIRE/Sites/Somonauk Road Solar 1,Habitat,2.7,16.5,2021,,Single-axis Tracking,Pollinator,,
InSPIRE/Sites/Spadra Farm- Cal Poly Campus,Crop Production,0.032,,2024,Monofacial PV,,,Lettuce,
InSPIRE/Sites/Spartanburg (Kohler),Habitat,1.2,6,2017,,Fixed,Pollinator,,
InSPIRE/Sites/Spica Community Solar,"Habitat,Grazing",2.6,13.12,2017,Other,Fixed,Pollinator,,Sheep
InSPIRE/Sites/Spring Street Road II Solar Project,Grazing,7,27.5,,,,,,Sheep
InSPIRE/Sites/Spring Street Road III Solar Project,Grazing,7,35.22,,,,,,Sheep
InSPIRE/Sites/Starratt Solar Farm,Grazing,5,25,2017,,Fixed,,,Sheep
InSPIRE/Sites/Steamboat Solar,Habitat,1.2,9.1,2021,,Single-axis Tracking,Pollinator,,
InSPIRE/Sites/Stearns Solar I,Habitat,1.4,11,2019,Other,Single-axis Tracking,Pollinator,,
InSPIRE/Sites/Strandness Garden,Habitat,1.3,4.93,2020,,Fixed,Native grasses,,
InSPIRE/Sites/Strawberry Point DPC Solar,Habitat,1.6,10,2017,,Single-axis Tracking,Pollinator,,
InSPIRE/Sites/Strobus,Habitat,1.9,12.1,2021,,Single-axis Tracking,Pollinator,,
InSPIRE/Sites/Stromland,"Habitat,Grazing",3.7,15,2021,Bifacial PV,Single-axis Tracking,Pollinator,,Sheep
InSPIRE/Sites/Summit Plant Labs,Greenhouse,0.027,0.125,2022,Bifacial PV,,,,
InSPIRE/Sites/Sun Mountain Solar,Grazing,296.2,2240,2022,Other,Single-axis Tracking,,,Sheep
"InSPIRE/Sites/SunE Feely 1 CSG, LLC","Habitat,Grazing",6.5,49.85,2018,,Fixed,Native grasses,,Sheep
"InSPIRE/Sites/SunE Stolee CSG, LLC","Habitat,Grazing",3.9,34.13,2018,,Fixed,Native grasses,,Sheep
InSPIRE/Sites/SunVest Solar,Habitat,3,18.5,2021,,Single-axis Tracking,Pollinator,,
InSPIRE/Sites/Sunflower I (Connexus Solar Baldwin 1BDN),Habitat,3.7,18,2021,,Single-axis Tracking,Pollinator,,
InSPIRE/Sites/Sunrise Community Solar,"Habitat,Grazing",6.5,30.5,2016,Other,Fixed,Pollinator,,Sheep
InSPIRE/Sites/Sunrise Solar,Habitat,1.4,10.5,2020,,Single-axis Tracking,Pollinator,,
InSPIRE/Sites/Sunzaun Somerset Winery,Crop Production,0.023,3,2022,Bifacial PV,Fixed,,Grapes,
InSPIRE/Sites/Sussex Conservation District,Habitat,0.039,0.5,2012,,Fixed,Pollinator,,
InSPIRE/Sites/Swan Garden,Habitat,1.5,7.43,2021,,Single-axis Tracking,Pollinator,,
InSPIRE/Sites/Swanton School - Megan and Tyler,Habitat,0.62,3,2021,,Fixed,Pollinator,,
InSPIRE/Sites/Sycamore Solar,Habitat,2.7,12,2022,,Single-axis Tracking,Pollinator,,
InSPIRE/Sites/T Luhman CSG,Grazing,1.4,7,2021,,Single-axis Tracking,,,Sheep
InSPIRE/Sites/Taurus Community Solar,"Habitat,Grazing",5.2,23.11,2018,Other,Single-axis Tracking,Pollinator,,Sheep
InSPIRE/Sites/Taylors Falls CSG,Habitat,7.2,27.8,2018,Monofacial PV,Fixed,Pollinator,,
InSPIRE/Sites/Temple University Ambler Campus,"Crop Production,Habitat",0.00574,0.014,2023,Bifacial PV,Fixed,Pollinator,"Lettuce (buttercrunch head lettuce, red salad bowl lettuce), basil (genovese), cherry tomatoes (supersweet, sungold), beans (burpees stringless green pod, contender), radishes (french breakfast, donato F1)",
InSPIRE/Sites/Terrapin Branch Solar,Grazing,1.5,5,2014,,Fixed,,,Sheep
InSPIRE/Sites/Tiller CSG,Habitat,6.3,35.47,2018,,Single-axis Tracking,Native grasses,,
InSPIRE/Sites/Toms River,Habitat,28.89,126,2021,,Fixed,Native grasses,,
InSPIRE/Sites/Topaz Solar Farm,Grazing,752.1,4700,2014,Other,Fixed,,,Sheep
InSPIRE/Sites/Townsend Road (CSG),Grazing,5.1,21.1,2021,,Fixed,,,Sheep
InSPIRE/Sites/Trumbell,Habitat,1.314,7,2021,,Fixed,Pollinator,,
InSPIRE/Sites/Turkey Creek Ranch,"Habitat,Grazing",70,753,2022,Other,Single-axis Tracking,Pollinator,,Sheep
InSPIRE/Sites/Turkey Solar,Habitat,1.4,9.5,2020,,Single-axis Tracking,Pollinator,,
InSPIRE/Sites/Two Creeks Solar Park,Habitat,213,782,2020,,Single-axis Tracking,Pollinator,,
InSPIRE/Sites/UC Davis Agrivoltaic Test Site,Crop Production,0.005,1.4,2022,Bifacial PV,Fixed,,"Peppers, Basil, Tomatoes",
InSPIRE/Sites/USDA-UGA AgSolar Synergy,Greenhouse,0.01,0.1,2023,Translucent PV,Fixed,,"Tomato, lettuce",
InSPIRE/Sites/USS Brockway Solar CSG,Habitat,1.4,8.2,2019,Monofacial PV,Single-axis Tracking,Pollinator,,
InSPIRE/Sites/USS Danube,Habitat,1.4,7.9,2021,,Single-axis Tracking,Pollinator,,
InSPIRE/Sites/USS Foley,Habitat,1.4,7.85,2022,,Single-axis Tracking,Pollinator,,
InSPIRE/Sites/USS Itasca,Habitat,1.4,14,2022,,Single-axis Tracking,Pollinator,,
InSPIRE/Sites/USS Peach,Habitat,1.4,7.3,2022,,Single-axis Tracking,Pollinator,,
InSPIRE/Sites/USS Prokosch,Habitat,1.4,7.8,2022,,Single-axis Tracking,Pollinator,,
InSPIRE/Sites/USS Quail,Habitat,1.4,8.4,2022,,Single-axis Tracking,Pollinator,,
InSPIRE/Sites/USS Rosebud,Habitat,1.4,8.1,2022,,Single-axis Tracking,Pollinator,,
InSPIRE/Sites/USS Water City,Habitat,1.4,8.5,2021,,Single-axis Tracking,Pollinator,,
InSPIRE/Sites/USS Water Fowl,Habitat,1.4,4,2022,,Single-axis Tracking,Pollinator,,
InSPIRE/Sites/USS Water Town,Habitat,1.4,8.3,2021,,Single-axis Tracking,Pollinator,,
InSPIRE/Sites/USS Webster Solar CSG,Habitat,1.4,8.21,2019,Monofacial PV,Single-axis Tracking,Pollinator,,
InSPIRE/Sites/USS Wildcat,Habitat,1.4,7.9,2021,,Single-axis Tracking,Pollinator,,
InSPIRE/Sites/University Area Joint Authority,"Habitat,Grazing",6.2,98.33,2021,Bifacial PV,Fixed,Native grasses,,Sheep
InSPIRE/Sites/University of Arizona Biosphere 2 Site,Crop Production,0.02,0.1,2022,Monofacial PV,Fixed,,"tomato, pepper, 20+ crop types",
InSPIRE/Sites/University of Dayton - Curran Place,Habitat,1.26,8,2018,Monofacial PV,Single-axis Tracking,Pollinator,,
InSPIRE/Sites/University of Massachusetts-Amherst,Crop Production,0.026,0.15,2011,Monofacial PV,Fixed,,"Pepper, kale, broccoli, beans, chard",
InSPIRE/Sites/University of Minnesota Morris West Central Research and Outreach Center,Grazing,0.03,0.023,2018,,Fixed,Naturalized,,Cows
InSPIRE/Sites/University of Minnesota-CHP Plot,Habitat,0.15,1.1,2021,,Fixed,Pollinator,,
InSPIRE/Sites/Urbana Landfill Central,Habitat,2.7,11.36,2021,,Fixed,Pollinator,,
InSPIRE/Sites/Urbana Landfill East,Habitat,2.7,10.3,2021,,Fixed,Pollinator,,
InSPIRE/Sites/Ursa Community Solar,"Habitat,Grazing",6.5,27.78,2017,Other,Fixed,Pollinator,,Sheep
InSPIRE/Sites/VEC Alburgh Array,Habitat,1.2,6,2016,,Fixed,Pollinator,,
InSPIRE/Sites/VEC Magee Hill Solar,Habitat,1.7,8,2017,,Fixed,Pollinator,,
InSPIRE/Sites/Valley Creek,Habitat,3.1,15.5,2017,Monofacial PV,Fixed,Pollinator,"Melons, squash, pumpkins, and tomatoes",
InSPIRE/Sites/Valparaiso Solar LLC,Grazing,1.3,5.6,2012,,Fixed,,,Sheep
InSPIRE/Sites/Van Epps Solar,"Habitat,Grazing",7.6,26,2021,,Single-axis Tracking,Pollinator,,Sheep
InSPIRE/Sites/Vasquez V,Grazing,4.809,24.045,2021,,Single-axis Tracking,,,Sheep
InSPIRE/Sites/Vega Community Solar,"Habitat,Grazing",6.5,33.83,2017,Other,Fixed,Pollinator,,Sheep
InSPIRE/Sites/Verde Solar,Habitat,1.4,7.6,2020,,Single-axis Tracking,Pollinator,,
InSPIRE/Sites/Verduin Community Solar Project,Grazing,2.955,20.69,2023,,,,,Sheep
InSPIRE/Sites/Vermillion River Solar,Habitat,3.8,13.6,2019,,Fixed,Pollinator,,
InSPIRE/Sites/Veseli Community Solar Garden,Habitat,1.4,8.21,2018,,Single-axis Tracking,Pollinator,,
InSPIRE/Sites/Viceroy Solar,Habitat,1.4,7.45,2021,,Single-axis Tracking,Pollinator,,
InSPIRE/Sites/Volkswagen Chattanooga Solar Farm,Grazing,9.6,79,2012,,Fixed,,,Sheep
InSPIRE/Sites/WEB Brookfield,Grazing,5.1,17,2021,,Fixed,,,Sheep
InSPIRE/Sites/Walcott Solar CSG,Habitat,5.7,30.21,2020,,Single-axis Tracking,Pollinator,,
InSPIRE/Sites/Walrus Solar,Habitat,0.6,4.4,2018,,Single-axis Tracking,Pollinator,,
InSPIRE/Sites/Walz Community Solar Garden,Habitat,3.018,17,2017,,Fixed,Pollinator,,
InSPIRE/Sites/Warren DPC Solar,Habitat,2.9,16.4,2017,,Single-axis Tracking,Pollinator,,
InSPIRE/Sites/Warsaw Solar CSG,Habitat,2.9,15.28,2020,,Single-axis Tracking,Pollinator,,
InSPIRE/Sites/Waseca Solar,"Grazing,Habitat",15.9,60,2016,,Single-axis Tracking,Pollinator,,Sheep
InSPIRE/Sites/Washington DC: Habitat,Habitat,2,8,2020,,Fixed,,,
InSPIRE/Sites/Washington I,Grazing,15,105,2021,,Single-axis Tracking,,,Sheep
InSPIRE/Sites/Waterloo Solar LLC,Grazing,1.3,6.4,2012,,Fixed,,,Sheep
InSPIRE/Sites/Waterville CSG Solar Holdings LLC,Habitat,6.6,33.53,2018,,Fixed,Pollinator,,
InSPIRE/Sites/Wells Fargo Des Moines Campus,Habitat,2,7.65,2022,,Fixed,Pollinator,,
InSPIRE/Sites/West Faribault U,Habitat,7.92,43.1,2016,Monofacial PV,Single-axis Tracking,Pollinator,,
InSPIRE/Sites/West Hallock 1 Project,Habitat,2.8,15.9,2021,,Single-axis Tracking,Pollinator,,
InSPIRE/Sites/West Side Solar,Habitat,13.69,126,2023,,Single-axis Tracking,Pollinator,,
InSPIRE/Sites/West Waconia,Habitat,12.24,71,2016,Monofacial PV,Single-axis Tracking,Pollinator,,
InSPIRE/Sites/Westar Cities Solar,Habitat,1.3,8.85,2017,,Single-axis Tracking,Pollinator,,
InSPIRE/Sites/Westeros Solar,Habitat,1.4,9.8,2020,,Single-axis Tracking,Pollinator,,
InSPIRE/Sites/Westhampton Montague Road,"Habitat,Grazing",6.31,23.2,2020,,Fixed,Pollinator,,Sheep
InSPIRE/Sites/Westlands Almond,Grazing,26,160,2023,,Single-axis Tracking,,,Sheep
InSPIRE/Sites/Westlands Solar Blue,Grazing,250,1841,2023,,Single-axis Tracking,,,Sheep
InSPIRE/Sites/Westlands Westside Chestnut,Grazing,150,1050,2021,,Single-axis Tracking,,,Sheep
InSPIRE/Sites/Westport B Community Solar Garden,Grazing,6,7.8,2018,,Fixed,,,Sheep
InSPIRE/Sites/Whistling Winds DPC Solar,Habitat,2.1,13.6,2017,,Single-axis Tracking,Pollinator,,
InSPIRE/Sites/White Cloud Solar,Habitat,1.4,8.9,2019,,Single-axis Tracking,Pollinator,,
InSPIRE/Sites/Whittier,Grazing,2.6,10,2019,,Single-axis Tracking,,,Sheep
InSPIRE/Sites/Wildflower Solar,"Habitat,Grazing",16.5,69,2020,,Single-axis Tracking,Pollinator,,Sheep
InSPIRE/Sites/Winona II,Habitat,1.4,11.16,,,Single-axis Tracking,Native grasses,,
InSPIRE/Sites/Winona Solar,Habitat,1.4,10.64,2019,,Single-axis Tracking,Native grasses,,
InSPIRE/Sites/Woodline Solar,Habitat,11.16,60,2017,,Single-axis Tracking,Pollinator,,
InSPIRE/Sites/Woodmere Solar Farm,Grazing,18.8,80,2015,Other,Single-axis Tracking,,,Sheep
InSPIRE/Sites/Woolford Solar,Habitat,1.5,8.5,2019,,Single-axis Tracking,Pollinator,,
InSPIRE/Sites/Wrenshall Solar,Habitat,1.4,10,2018,,Single-axis Tracking,Pollinator,,
"InSPIRE/Sites/Wyoming 2 CSG, LLC","Habitat,Grazing",6.5,39.6,2018,,Fixed,Native grasses,,Sheep
InSPIRE/Sites/York Solar,Habitat,1.8,10.6,,,Single-axis Tracking,Pollinator,,
InSPIRE/Sites/Zumbro Solar Garden,Habitat,1.3,4.08,2020,,Fixed,Native grasses,,
InSPIRE/Sites/hacienda Gosen-UPR-Agroenergia,Crop Production,0.255,0.05,2024,Monofacial PV,Fixed,,"Beans, Eggplant",
