Name,"Agrivoltaic Activities",Coordinates,"System Size","Site Size","Year Installed","PV Technology","Type Of Array","Habitat Type","Crop Types","Animal Type","Research Ongoing","Research Site",State,Developer,Owner
InSPIRE/Sites/Abel,Habitat,"41.843493, -90.036077",2.4,17,2020,"Monofacial PV","Single-axis Tracking",Pollinator,,,No,No,IL,,Engie
"InSPIRE/Sites/Acturus Community Solar",Habitat,"44.284053349833094, -93.95420579660917",1.5,7.6,2018,,Fixed,"Native grasses",,,,No,MN,"National Grid Renewables","National Grid Renewables"
InSPIRE/Sites/Agard-enfield,Grazing,"42.4543, -76.5947",2.3,4.5,2017,"Monofacial PV",Fixed,,,Sheep,,,NY,"Enfield Community Solar",Unknown
InSPIRE/Sites/Agawam,Habitat,"42.082634601099734, -72.61378633278119",1.8,9,2012,,Fixed,Pollinator,,,No,No,MA,"Citizens Enterprises Corporation",Unknown
InSPIRE/Sites/Albany,"Habitat,Grazing","45.641268, -94.599251",15.2,100.8,2016,"Monofacial PV","Single-axis Tracking",Pollinator,,Sheep,,,MN,"Enel Green Power NA, Inc.",Unknown
"InSPIRE/Sites/Alden Road Harvard Solar 1",Habitat,"42.4018291, -88.4982177",2.4,15.1,2020,,Fixed,Pollinator,,,No,No,IL,"Alden Road Harvard Solar 1, LLC",Nexamp
"InSPIRE/Sites/All In Solar",Habitat,"43.81259498840551, -93.3911184199392",1.4,8.5,2020,,"Single-axis Tracking",Pollinator,,,No,No,MN,"Standard Solar (SSI)",Unknown
"InSPIRE/Sites/Alliant Energy Solar Farm at Iowa State University","Crop Production,Habitat","41.97882310305357, -93.65675413719458",1.375,6,2023,"Bifacial PV","Single-axis Tracking",Pollinator,"Broccoli, bell pepper, raspberry, summer squash, strawberry",,Yes,No,IA,"Alliant Energy","Iowa State University and Alliant Energy"
"InSPIRE/Sites/Allis Medina Solar, LLC (CSG)",Grazing,"43.219871, -78.359167",7.3,20.2,2020,,"Single-axis Tracking",,,Sheep,,No,NY,AES,Unknown
"InSPIRE/Sites/Allium Community Solar Garden",Habitat,"45.400249136723716, -94.72278689370252",1.5,7.6,2021,,"Single-axis Tracking",Pollinator,,,No,No,MN,"National Grid Renewables",Unknown
"InSPIRE/Sites/Altair Community Solar Garden",Habitat,"43.92618025475337, -93.48573449921598",1.5,11.5,2019,,Fixed,"Native grasses",,,,No,MN,"National Grid Renewables","National Grid Renewables"
"InSPIRE/Sites/American Bottoms",Habitat,"38.597661, -90.181975",1.8,6,2020,,"Single-axis Tracking",Pollinator,,,No,No,IL,"Sol Systems",Unknown
"InSPIRE/Sites/American Kings Solar",Grazing,"36.2371222, -119.9052109",172.3,665,2020,,"Single-axis Tracking",,,Sheep,,No,CA,"American Kings Solar and First Solar","MN8 Energy LLC"
"InSPIRE/Sites/Ames Electric Services Power Plant","Habitat,Grazing","42.003275, -93.616861",2.2,10,2020,,Fixed,Pollinator,,Sheep,,No,IA,"Forefront Power, LLC",Unknown
"InSPIRE/Sites/Amherst Sunderland Road","Habitat,Grazing","42.64988, -72.46381900000002",4.03,13.7,2019,,Fixed,Pollinator,,Sheep,No,No,MA,"Nexamp, Inc.","Montague Road Solar, LLC"
"InSPIRE/Sites/Anderson Community Solar Garden",Habitat,"45.08654965591983, -94.21155037125739",1,7,2022,,Fixed,Pollinator,,,,No,MN,"New Energy Equity","Luminace/Brookfield Energy"
"InSPIRE/Sites/Andromeda Community Solar","Habitat,Grazing","44.9016368, -94.03084229999999",6.5,30.02,2017,Other,Fixed,Pollinator,,Sheep,,No,MN,"Berkshire Hathaway Energy Renewables",Unknown
"InSPIRE/Sites/Animal Farm Cook Campus","Habitat,Grazing",,0.17,2.89,2024,"Bifacial PV",Fixed,,Hay,Cows,Yes,No,NJ,"Sunstall Inc.","Rutgers University–New Brunswick"
InSPIRE/Sites/Annandale,Habitat,"45.2470112, -94.10711069999999",9.1,66.22,2016,"Monofacial PV","Single-axis Tracking",Pollinator,,,,No,MN,"Enel Green Power NA, Inc.",Unknown
"InSPIRE/Sites/Anoka County MN CONX",Habitat,"45.23503727449612, -93.4838075491037",4.6,18,2018,"Monofacial PV",Fixed,Pollinator,,,Yes,Yes,MN,ENGIE,Unknown
"InSPIRE/Sites/Antares Community Solar","Habitat,Grazing","44.2419759, -95.6080784",3.9,18.1,2018,Other,"Single-axis Tracking",Pollinator,,Sheep,,No,MN,"Berkshire Hathaway Energy Renewables",Unknown
"InSPIRE/Sites/Antlia Community Solar","Habitat,Grazing","43.90418244127539, -96.13568827761726",2.6,18.64,2017,Other,Fixed,Pollinator,,Sheep,,No,MN,"Berkshire Hathaway Energy Renewables",Unknown
"InSPIRE/Sites/Aquarius Community Solar",Habitat,"44.2289651, -95.6203086",1.5,11.1,2019,,Fixed,"Native grasses",,,,No,MN,"National Grid Renewables","National Grid Renewables"
"InSPIRE/Sites/Arcadia Solar",Habitat,"44.244043, -91.459735",6.8,30,2019,"Monofacial PV","Single-axis Tracking",Pollinator,,,,,WI,"Butter Solar, LLC",Unknown
"InSPIRE/Sites/Argo Navis Community Solar","Habitat,Grazing","45.25505016187569, -92.76766259320074",3.9,21.54,2018,Other,Fixed,Pollinator,,Sheep,,No,MN,"Berkshire Hathaway Energy Renewables",Unknown
"InSPIRE/Sites/Aries Community Solar",Habitat,"44.05090045112828, -92.98962168292734",5.2,23.12,2017,Other,Fixed,Pollinator,,,,No,MN,"Berkshire Hathaway Energy Renewables",Unknown
"InSPIRE/Sites/Ash Ridge DPC Solar",Habitat,"43.481654801289935, -90.5377895738977",0.7,5.4,2017,,"Single-axis Tracking",Pollinator,,,,No,WI,ENGIE,Unknown
"InSPIRE/Sites/Aspiration G",Grazing,"36.5558115, -120.3523114",11.7,80,2017,,"Single-axis Tracking",,,Sheep,,No,CA,"Sustainable Power Group","Alberta Investment Management and AES Distributed Energy"
"InSPIRE/Sites/Athens Solar",Habitat,"45.46005, -93.268276",8.8,40.3,2018,,Fixed,Pollinator,,,,No,MN,ENGIE,Unknown
"InSPIRE/Sites/Atwater - O",Habitat,"45.140869, -94.769733",5.9,26.1,2016,"Monofacial PV","Single-axis Tracking",Pollinator,,,Yes,Yes,MN,"Enel Green Power NA, Inc.","Enel Green Power NA, Inc."
"InSPIRE/Sites/Auburn Renewables Solar Array",Habitat,"41.3448686359816, -85.0990979491998",14.7,55,2022,,Fixed,Pollinator,,,Yes,No,IN,"Inovateus Solar LLC",Unknown
"InSPIRE/Sites/Auriga Community Solar",Habitat,"43.97776897695362, -95.76729161410147",1.5,7.77,2018,,Fixed,"Native grasses",,,,No,MN,"National Grid Renewables","National Grid Renewables"
"InSPIRE/Sites/B&B Solar",Habitat,"44.41189411227024, -95.00849748701965",1.2,6.9,2020,,"Single-axis Tracking",Pollinator,,,,No,MN,"Standard Solar (SSI)",Unknown
"InSPIRE/Sites/B.R. Corcoran CSG",Habitat,"45.069541, -93.643226",7,32.6,2017,,Fixed,Pollinator,,,,No,MN,"Minnesota Solar CSG 19, LLC","Potentia - CSG"
"InSPIRE/Sites/B.R. Sartell CSG","Habitat,Grazing","45.66503613760273, -94.22709524988423",4.2,18.95,2017,"Monofacial PV",Fixed,Pollinator,,Sheep,,No,MN,"Minnesota Solar CSG 21, LLC",Unknown
"InSPIRE/Sites/B.R. Sauk Rapids CSG",Habitat,"45.625346051797074, -94.07842090883067",7,30.43,2017,,Fixed,Pollinator,,,,No,MN,"Minnesota Solar CSG 9, LLC","Potentia - CSG"
"InSPIRE/Sites/BD Solar North Bridgton",Grazing,"44.0996155, -70.7039207",4.99,21.5,2020,,Fixed,,,Sheep,,No,ME,"Dirigo Solar",Unknown
"InSPIRE/Sites/BT Cooke Solar, LLC",Grazing,"33.5495478, -97.18266709999999",81.4,415,2020,,"Single-axis Tracking",,,Sheep,,No,TX,"Adapture Renewables",Unknown
"InSPIRE/Sites/Ballenger-McKinney Photovoltaic Solar Project",Grazing,"39.35958296871561, -77.41511235997035",1.3,4.9,2018,,Fixed,,,Sheep,,No,MD,Unknown,Unknown
"InSPIRE/Sites/Bancroft Station Solar Farm",Grazing,"31.4150315, -84.8367135",139.7,1200,2019,,"Single-axis Tracking",,,Sheep,,No,GA,"Silicon Ranch","Silicon Ranch"
"InSPIRE/Sites/Bandera Electric Coop PV",Habitat,"29.680540199129066, -99.76412950321917",2,11.4,2017,"Monofacial PV","Single-axis Tracking",Pollinator,,,,No,TX,ENGIE,Unknown
"InSPIRE/Sites/Barone CSG",Habitat,"44.9444788, -94.07382919999999",1.4,7.1,2018,,Fixed,Pollinator,,,,No,MN,"Terraform Arcadia","Luminace/Brookfield Energy"
"InSPIRE/Sites/Bauer Community Solar Garden",Habitat,"45.459098, -94.389088",1.3,8.4,2021,,Fixed,,,,,No,MN,"New Energy Equity",Unknown
"InSPIRE/Sites/Beals Medina Solar, LLC (CSG)",Grazing,"43.22547304072326, -78.35740911594674",5.2,14.2,2020,,Fixed,,,Sheep,,No,NY,AES,Unknown
"InSPIRE/Sites/Becker Solar 1",Habitat,"45.17564814265295, -93.68470355121094",1.4,6,2019,,Fixed,"Pollinator, Native grasses",,,,,MN,"SunShare Management",Unknown
"InSPIRE/Sites/Becker Solar 2",Habitat,"45.175637, -93.683392",1.4,6,2019,,Fixed,"Pollinator, Native grasses",,,,,MN,"SunShare Management",Unknown
"InSPIRE/Sites/Becker Solar 3",Habitat,"45.175819, -93.679455",1.4,6,2019,,Fixed,"Pollinator, Native grasses",,,,No,MN,"SunShare Management",Unknown
"InSPIRE/Sites/Becker Solar 4",Habitat,"45.176934913103786, -93.67942692528572",1.4,6,2019,,Fixed,"Pollinator, Native grasses",,,,No,MN,"SunShare Management",Unknown
"InSPIRE/Sites/Becker Solar 5",Habitat,"45.17528601425013, -93.68260859700472",1.4,6,2019,,Fixed,"Pollinator, Native grasses",,,,No,MN,"SunShare Management",Unknown
"InSPIRE/Sites/Bellflower Solar Farm","Habitat,Grazing","39.78736793184091, -85.4102897644043",173,1400,2022,"Monofacial PV","Single-axis Tracking","Pollinator, Native grasses",,Sheep,Yes,No,IN,SOLV,"Lightsource bp"
"InSPIRE/Sites/Big Lake Project CSG",Habitat,"45.33525378064673, -93.79210918090665",6.9,39.5,2018,,"Single-axis Tracking","Native grasses",,,,No,MN,"DG Minnesota CSG, LLC","NextEra Energy"
"InSPIRE/Sites/Big Lake Solar","Crop Production,Habitat","45.3155589, -93.7688177",1.4,18.1,2018,"Monofacial PV","Single-axis Tracking","Pollinator, Native grasses","Vegetables (kohlrabi, cabbage, broccoli, kale, chard, peppers, parsley, tomatoes)",,Yes,Yes,MN,USS,USS
"InSPIRE/Sites/Bighorn Solar","Habitat,Grazing","38.21778736, -104.5717232",300,1800,2021,"Bifacial PV","Single-axis Tracking","Native grasses",,Sheep,,No,CO,"Lightsource bp","Lightsource bp"
"InSPIRE/Sites/Billings Road",Habitat,"44.52375155, -72.36982304",2.3,7.9,2021,,Fixed,Pollinator,,,,No,VT,"Greenbacker Renewable Energy Corporation",Unknown
"InSPIRE/Sites/Blue Prairie","Grazing,Habitat","44.2843792, -90.9158977",3.1,18.96,2021,,"Single-axis Tracking","Native grasses",,Sheep,No,No,WI,"One Energy Renewables / Greenbacker Renewable Energy Corporation",Unknown
"InSPIRE/Sites/Bluff Country Solar",Habitat,"44.1119644, -91.8432934",1.4,9,2020,,"Single-axis Tracking",Pollinator,,,,No,MN,USS,USS
"InSPIRE/Sites/Bone Hill",Habitat,"44.12729197342545, -72.65094115310644",1.8,9.4,2020,,Fixed,Pollinator,,,,No,VT,"Greenbacker Renewable Energy Corporation",Unknown
InSPIRE/Sites/Bongards,Habitat,"44.76722609999999, -93.85861009999999",6.9,34.275,2016,,Fixed,Pollinator,,,,No,MN,"SunShare Management",Unknown
InSPIRE/Sites/Borner,"Habitat,Grazing","44.817944, -92.8830819",5,39.65,,,"Single-axis Tracking",Pollinator,,Sheep,,No,MN,"Minnesota Solar Connection","Solar Holdings Washington, LLC & TBR LLC"
"InSPIRE/Sites/Boulder Housing Partners Triangle Solar Array","Crop Production,Habitat","40.0615310223478, -105.27475211909842",0.63,3.8,2021,"Monofacial PV",Fixed,Pollinator,,,Yes,No,CO,Unknown,"City of Boulder"
"InSPIRE/Sites/Boutillier Solar",Grazing,"42.2185588416959, -71.89044677316477",0.65,3.2,2016,,Fixed,,,Sheep,,No,MA,Unknown,Unknown
"InSPIRE/Sites/Briar Creek Solar","Grazing,Habitat","32.0694419, -96.5794359",153.5,765,2021,,"Single-axis Tracking","Pollinator, Native grasses",,Sheep,,No,TX,"Lightsource bp",Unknown
"InSPIRE/Sites/Brick Solar",Habitat,"39.349008804400846, -89.79480256518983",2.7,16,2021,,"Single-axis Tracking",Pollinator,,,,No,IL,"Standard Solar (SSI)",Unknown
InSPIRE/Sites/Brimfield,Grazing,"42.11688352609353, -72.22256105787181",2.6,5,2021,,Fixed,,,Sheep,,No,MA,"WEB Brimfield Solar LLC",Unknown
"InSPIRE/Sites/Brude Solar",Habitat,"44.100649731969625, -94.05247296964501",0.6,6,2019,,"Single-axis Tracking",Pollinator,,,,No,MN,"Standard Solar (SSI)",USS
"InSPIRE/Sites/Bryan Floyd",Grazing,"32.13977366146948, -81.697823120315",1.9,14.2,2023,,"Single-axis Tracking",,,Sheep,,No,GA,"Madison Energy Holdings, LLC",Unknown
"InSPIRE/Sites/Buckaroo Solar",Habitat,"46.97595676068015, -96.49939311864229",1.4,8.2,2020,,"Single-axis Tracking",Pollinator,,,,No,MN,"Standard Solar (SSI)",Unknown
"InSPIRE/Sites/Buffalo Garden",Habitat,"43.9998566, -93.49738409999999",1.3,5.21,2020,,Fixed,"Native grasses",,,,No,MN,Nokomis,Unknown
"InSPIRE/Sites/Bunker Hill",Habitat,"41.772315074238264, -89.94991871947651",2.4,18,2021,,,Pollinator,,,,No,IL,ENGIE,Solstice
"InSPIRE/Sites/Burgundy Brook Farm Agrivoltaic Project","Crop Production,Habitat,Grazing",,2.4,12,2023,"Bifacial PV","Single-axis Tracking","Naturalized, Pollinator",Hay,Cattle,No,No,MA,BlueWave,BlueWave
"InSPIRE/Sites/Bush Solar",Habitat,"44.12146321475386, -93.2686697154523",1.4,7.8,2020,,"Single-axis Tracking",Pollinator,,,,No,MN,USS,USS
"InSPIRE/Sites/CF Novel Solar CSG Gardens Eleven, LLC",Habitat,"44.2412724, -93.96165719999999",3.6,22,2017,"Monofacial PV",Fixed,Pollinator,,,,No,MN,"Cypress Creek Renewables",Unknown
"InSPIRE/Sites/CGSun, LLC Community Solar",Habitat,"44.847621585156105, -92.87466112374717",5,35,2017,"Monofacial PV",Fixed,Pollinator,,,,No,MN,"Cypress Creek Renewables",Unknown
"InSPIRE/Sites/CSU Foothills Campus - Rooftop Agrivoltaics Research","Crop Production,Habitat","40.58631364924703, -105.14724626830917",0.01,0.1,2009,"Translucent PV",Fixed,Pollinator,"Leafy Greens, Berries",,Yes,No,CO,Unknown,"Colorado State University"
"InSPIRE/Sites/CSU Spur Campus - Rooftop Agrivoltaics","Crop Production,Habitat","39.78346056070175, -104.97358202934265",0.046,0.1,2022,"Bifacial PV",Fixed,,,,Yes,No,CO,"Namaste Solar","Colorado State University"
"InSPIRE/Sites/Caelum Community Solar","Habitat,Grazing","45.660793, -93.93709299999999",2.6,9.17,2017,Other,Fixed,Pollinator,,Sheep,,No,MN,"Berkshire Hathaway Energy Renewables",Unknown
InSPIRE/Sites/Caitlin,Grazing,,1.35,5,,"Monofacial PV",Fixed,,,Sheep,,,NY,,
"InSPIRE/Sites/California: Habitat & Wildlife Monitoring",Habitat,"38.5382322, -121.7617125",0.1,0.1,,,,,,,Yes,Yes,CA,,"University of California Davis"
"InSPIRE/Sites/Cambridge Solar",Habitat,"45.58842652751006, -93.18173653032594",2.4,14.5,2019,,"Single-axis Tracking",Pollinator,,,,No,MN,ENGIE,Unknown
"InSPIRE/Sites/Camp Ripley",Habitat,"46.089084, -94.34219",13.1,62,2016,,Fixed,Pollinator,,,,No,MN,"Minnesota Power",Unknown
InSPIRE/Sites/Candor,Grazing,"42.230506, -76.358355",1.11,4,2017,"Monofacial PV",Fixed,,,Sheep,,No,NY,"Renovus Solar",Unknown
"InSPIRE/Sites/Canopus Community Solar Garden",Habitat,"45.42840464770853, -94.82314838161439",1.5,10.21,2019,Other,Fixed,,,,,No,MN,"National Grid Renewables",Unknown
"InSPIRE/Sites/Capella Community Solar","Habitat,Grazing","44.0870614, -96.1647369",6.5,34.31,2017,Other,Fixed,Pollinator,,Sheep,,No,MN,"Berkshire Hathaway Energy Renewables",Unknown
"InSPIRE/Sites/Capricornus Community Solar Garden",Habitat,"45.39913552100576, -94.71727095933964",1.5,10.99,2019,Other,Fixed,Pollinator,,,,No,MN,"National Grid Renewables",Unknown
"InSPIRE/Sites/Carina Community Solar",Habitat,"44.27929900765292, -92.40343027112974",5.2,24.42,2018,Other,Fixed,Pollinator,,,,No,MN,"Berkshire Hathaway Energy Renewables",Unknown
"InSPIRE/Sites/Carpenter Hill",Grazing,"42.12628845674903, -72.00216680573942",0.834,8.8,2018,,Fixed,,,Sheep,,No,MA,"National Grid",Unknown
InSPIRE/Sites/Carrizozo,Habitat,"33.612014, -105.746651",3.6,22.6,2018,,"Single-axis Tracking",Pollinator,,,,No,NM,ENGIE,Unknown
"InSPIRE/Sites/Carter Farms",Habitat,"32.0342437, -84.3925321",1.3,6.5,2019,"Monofacial PV","Single-axis Tracking","Pollinator, Native grasses",,,Yes,Yes,GA,Unknown,Unknown
InSPIRE/Sites/Catherine,Grazing,"39.31967691342725, -77.00486490865235",4.3,19,2024,,"Single-axis Tracking",,,Sheep,,No,MD,"Chaberton Energy and Pivot Energy",Unknown
"InSPIRE/Sites/Catskill View Solar Farm","Habitat,Grazing","42.27288, -73.75192",6,10,2022,,"Single-axis Tracking",Pollinator,,Sheep,,No,NY,"Eden Renewables",Unknown
"InSPIRE/Sites/Cedar RD",Grazing,"41.960914, -71.307461",2.5,13.6,2017,,Fixed,,,Sheep,,No,MA,"Southern Sky Renewable Energy (SSRE)",Unknown
"InSPIRE/Sites/Centaurus Community Solar","Habitat,Grazing","44.88391439999999, -93.64594699999999",2.6,14.33,2017,Other,Fixed,Pollinator,,Sheep,,No,MN,"Berkshire Hathaway Energy Renewables",Unknown
"InSPIRE/Sites/Center Road",Habitat,"44.50854450719122, -72.34021813650575",2.9,9.15,2022,,Fixed,Pollinator,,,,No,VT,"Greenbacker Renewable Energy Corporation",Unknown
"InSPIRE/Sites/Centerfield Solar",Habitat,"44.531738505188216, -93.34840743499575",1.4,9.2,2019,,"Single-axis Tracking",Pollinator,,,,No,MN,"Standard Solar (SSI)",Unknown
"InSPIRE/Sites/Central 40",Grazing,"37.2460753, -121.1039757",50.3,220,2021,,"Single-axis Tracking",,,Sheep,,No,CA,"Idemitsu Renewables",Unknown
"InSPIRE/Sites/Chambers Road Solar",Grazing,"42.18818697202848, -76.89486868636907",5.5,15.3,2020,,Fixed,,,Sheep,,No,NY,Unknown,Unknown
"InSPIRE/Sites/Chariot Solar",Habitat,"44.788726, -95.106458",1.4,7.8,2021,,"Single-axis Tracking",Pollinator,,,,No,MN,USS,USS
"InSPIRE/Sites/Charter Durabar",Habitat,"42.29025117033819, -88.40658160696229",2.9,15.41,2021,,"Single-axis Tracking",Pollinator,,,,No,IL,"Luminace Solar Illinois 2, LLC",Unknown
"InSPIRE/Sites/Chatfield Farms Solar Garden","Crop Production","39.5506629, -105.0993532",1.2,4,2024,"Bifacial PV","Single-axis Tracking",,"Vegetables, herbs, fruits",,Yes,No,CO,Unknown,"Denver Botanic Gardens"
"InSPIRE/Sites/Cheyenne Solar",Habitat,"45.346905470119424, -92.92266265722475",1.4,10.6,2020,,"Single-axis Tracking",Pollinator,,,,No,MN,"Standard Solar (SSI)",Unknown
"InSPIRE/Sites/Chisago Solar","Habitat,Grazing","45.45247, -92.9020029",9.6,53,2016,"Monofacial PV","Single-axis Tracking","Pollinator, Native grasses",,Sheep,Yes,Yes,MN,"Enel Green Power NA, Inc.",Unknown
"InSPIRE/Sites/Christoffer Solar",Habitat,"44.96256339593349, -95.74515231860171",1.4,9.5,2020,,"Single-axis Tracking",Pollinator,,,,No,MN,"Standard Solar (SSI)",Unknown
"InSPIRE/Sites/Chub Garden Solar",Habitat,"44.4860246, -93.21263259999999",1.3,6.8,2020,,Fixed,Pollinator,,,,No,MN,"Chub Garden LLC",Unknown
"InSPIRE/Sites/Citizen B",Grazing,"36.721826, -120.429993",7.1,40,2015,,Fixed,,,Sheep,,No,CA,"AES Distributed Energy",Unknown
"InSPIRE/Sites/Claverack Creek Solar Farm","Habitat,Grazing","42.27161, -73.75073",6,30,2022,,"Single-axis Tracking",Pollinator,,Sheep,,No,NY,"Eden Renewables",Unknown
"InSPIRE/Sites/Clay FS PV",Habitat,"38.749458, -88.507844",2.7,12.2,2021,,Fixed,Pollinator,,,,No,IL,"Nexamp, Inc.",Unknown
"InSPIRE/Sites/Colorado State University-ARDEC","Crop Production","40.65628988195705, -104.99590873718262",0.01,0.05,2019,"Translucent PV",Fixed,,"Peppers, Tomatoes, Squash, Lettuce, Herbs",,Yes,No,CO,"Sandbox Solar","Colorado State University"
"InSPIRE/Sites/Comanche Solar",Grazing,"38.2022111, -104.569761",150,1000,2016,,"Single-axis Tracking",,,Sheep,,No,CO,"Community Energy and SunEdison","Novatus Energy"
"InSPIRE/Sites/Conagra St. Elmo",Habitat,"39.010223489828476, -88.84469264860105",2.2,8.5,2021,,"Single-axis Tracking",Pollinator,,,,No,IL,"Luminace Solar Illinois 2, LLC",Unknown
"InSPIRE/Sites/Connexus Energy HQ: Solar Farmland for Emerging Farmers","Crop Production,Habitat","45.236316794180176, -93.44761659574382",0.245,1.2,2014,"Monofacial PV",Fixed,"Pollinator, Native grasses","Vegetables (kohlrabi, cabbage, kale, chard, peppers, basil, tomatoes)",,Yes,Yes,MN,"Connexus Energy","Connexus Energy"
"InSPIRE/Sites/Conrath DPC Solar",Habitat,"45.36518430376223, -91.04781260149767",1.2,7,2017,,"Single-axis Tracking",Pollinator,,,,No,WI,ENGIE,Unknown
InSPIRE/Sites/Cople,Habitat,"38.072044, -76.674906",0.788,4.3,2019,,Fixed,Pollinator,,,,No,VA,Suntribe,Suntribe
"InSPIRE/Sites/Coral Bells Solar, LLC",Habitat,"45.4718289, -92.89071709999999",1.5,8.35,2020,,"Single-axis Tracking",Pollinator,,,,No,MN,"National Grid Renewables","National Grid Renewables"
"InSPIRE/Sites/Cornell Snyder Road Solar Array",Grazing,"42.4989841, -76.46139219999999",2,7.7,2014,,Fixed,,,Sheep,,No,NY,Unknown,Unknown
InSPIRE/Sites/Cornillie,Habitat,"45.45951334837862, -92.89477336012051",1.4,7.06,2018,,Fixed,Pollinator,,,,No,MN,"Terraform Arcadia","Luminace/Brookfield Energy"
"InSPIRE/Sites/Corvus Community Solar","Habitat,Grazing","44.20890661526802, -93.97904501705605",6.5,33.5,2018,Other,Fixed,Pollinator,,Sheep,,No,MN,"Berkshire Hathaway Energy Renewables",Unknown
"InSPIRE/Sites/Cottage Grove Project CSG",Habitat,"44.791143, -92.86882899999999",6.4,23.1,2018,,Fixed,"Native grasses",,,,No,MN,"NextEra Energy",Unknown
"InSPIRE/Sites/Cougar Solar",Habitat,"44.454877, -94.926246",1.4,8.4,2020,,"Single-axis Tracking",Pollinator,,,,No,MN,"Standard Solar (SSI)",Unknown
"InSPIRE/Sites/Coyote Clovis",Habitat,"34.411448376879676, -103.25271087496886",2.5,10,2021,,"Single-axis Tracking",Pollinator,,,,No,NM,ENGIE,Unknown
"InSPIRE/Sites/Cozy Cove Farm",Grazing,"34.69135549802295, -86.41177261131809",0.05,0.23,2013,,Fixed,,,"Llamas and Alpacas",,No,AL,"Outpost Solar","Tony and Cozette O’Neil"
"InSPIRE/Sites/Cranberry Highway",Habitat,"41.788246219926535, -70.74449474536058",2.9,14.5,2020,,Fixed,Pollinator,,,,No,MA,"Sunraise, LLC",Unknown
"InSPIRE/Sites/Crater Community Solar","Habitat,Grazing","44.7982106, -95.50868910000001",3.9,18.03,2017,Other,Fixed,Pollinator,,Sheep,,No,MN,"Berkshire Hathaway Energy Renewables",Unknown
"InSPIRE/Sites/Crux Community Solar",Habitat,"44.0400289, -92.693117",1.5,12.45,2019,,Fixed,"Native grasses",,,,No,MN,"National Grid Renewables","National Grid Renewables"
"InSPIRE/Sites/Cumberland Solar Farm",Grazing,"34.9452063, -86.8716718",20,160,2018,,"Single-axis Tracking",,,Sheep,,No,AL,"Cumberland Land Holdings, LLC","Silicon Ranch"
"InSPIRE/Sites/DVL Solar",Habitat,"44.815416093365464, -93.78558535013535",1.4,10.75,2019,,"Single-axis Tracking",Pollinator,,,,No,MN,"Standard Solar (SSI)",Unknown
"InSPIRE/Sites/Delphinus Community Solar",Habitat,"45.6178002, -94.0887015",2.6,12.13,2018,Other,Fixed,Pollinator,,,,No,MN,"Berkshire Hathaway Energy Renewables",Unknown
"InSPIRE/Sites/Denison University Bioreserve Array",Habitat,"40.078703313124144, -82.51319948213474",2.3,10,2017,,"Single-axis Tracking",Pollinator,,,Yes,No,OH,"AEP Onsite Partners, LLC","Kokosing Solar"
"InSPIRE/Sites/Denn Solar",Habitat,"45.257875793848136, -93.78881493982445",7,31.2,2019,,Fixed,Pollinator,,,,No,MN,"Standard Solar (SSI)",Unknown
"InSPIRE/Sites/Devine Johnson",Habitat,"44.62176417514493, -93.79234807946297",5,4,,,Fixed,"Native grasses",,,,No,MN,"NextEra Energy",Unknown
InSPIRE/Sites/Dighton,Grazing,"41.81107188604608, -71.13794236717933",4.5,24.8,2017,,,,,Sheep,,No,MA,Unknown,Unknown
"InSPIRE/Sites/Dighton Tremont St Agrivoltaic Project","Crop Production,Habitat,Grazing",,3.6,19,2023,"Bifacial PV","Single-axis Tracking","Naturalized, Pollinator","Mixed vegetables",Sheep,No,No,MA,BlueWave,BlueWave
"InSPIRE/Sites/Dodge center",Habitat,"44.026007, -92.881554",9.9,58.6,2016,"Monofacial PV","Single-axis Tracking",Pollinator,,,,No,MN,"Enel Green Power NA, Inc.",Unknown
"InSPIRE/Sites/Domino Farms Solar Farm",Habitat,"42.323377, -83.68025",1.1,12,2015,"Monofacial PV",Fixed,Pollinator,,,,No,MI,"DTE Electric Company",Unknown
"InSPIRE/Sites/Dot Com Solar",Habitat,"44.422075, -94.926594",1.6,9.7,2021,,"Single-axis Tracking",Pollinator,,,,No,MN,"Standard Solar (SSI)",Unknown
"InSPIRE/Sites/Douglas Oak St Agrivoltaic Project","Crop Production,Habitat,Grazing","42.0820814, -71.7742272",3.5,20,2024,"Bifacial PV","Single-axis Tracking","Naturalized, Pollinator",Hay,Cattle,No,No,MA,BlueWave,BlueWave
"InSPIRE/Sites/Downsville DPC Solar",Habitat,"44.813926, -91.884486",1.4,9.5,2017,,"Single-axis Tracking",Pollinator,,,,No,WI,ENGIE,Unknown
"InSPIRE/Sites/Dubhe Solar",Habitat,"45.49269729726464, -92.90513078471331",1.4,10.3,2018,,"Single-axis Tracking",Pollinator,,,No,No,MN,USS,Unknown
"InSPIRE/Sites/Dundas Solar Holdings LLC",Habitat,"44.44407919155565, -93.1979631026966",6.6,37.39,2018,,Fixed,Pollinator,,,,No,MN,"Altus Power America Management, LLC",Unknown
"InSPIRE/Sites/Dynamic Agrivoltaic Shelterbelt","Crop Production","40.51773, -102.589861",0.0065,0.23,2024,"Bifacial PV","Single-axis Tracking",,,,Yes,No,CO,"Longboard Power","Pfz Farms"
"InSPIRE/Sites/E.W. Brown Solar Facility","Habitat,Grazing","37.7764959, -84.7203272",10,50,2016,,Fixed,,,Sheep,Yes,No,KY,Unknown,"PPL Corporation (Kentucky Utilities)"
"InSPIRE/Sites/EHW Solar",Habitat,"44.655344, -93.498014",0.6,7.2,2019,,"Single-axis Tracking",Pollinator,,,,No,MN,"Standard Solar (SSI)",USS
"InSPIRE/Sites/ER Salvage Yard- Hess",Habitat,"44.54638722, -72.6120111",2.8,9.35,2021,,Fixed,Pollinator,,,,No,VT,"Greenbacker Renewable Energy Corporation",Unknown
"InSPIRE/Sites/Eagle Point",Habitat,"42.400814, -122.8292",13.1,41,2017,"Monofacial PV","Single-axis Tracking",,,,Yes,Yes,OR,"Norwest Energy 7, LLC",Unknown
"InSPIRE/Sites/Easton Wastewater Treatment Plant",Habitat,"38.749658, -76.00833589999999",2,16,2021,,Fixed,Pollinator,,,,No,MD,Unknown,"Easton Utilities"
"InSPIRE/Sites/Eastwood Q",Habitat,"44.15478255049921, -93.91696530876719",8.2,48.4,2016,"Monofacial PV","Single-axis Tracking",Pollinator,,,Yes,Yes,MN,"Enel Green Power NA, Inc.",Unknown
"InSPIRE/Sites/Eau Claire Electric Cooperative Membersolar Array",Grazing,"44.78871851756289, -91.36900696075995",0.858,4,2016,,Fixed,,,Sheep,,No,WI,Unknown,"Eau Claire Electric Cooperative"
"InSPIRE/Sites/Edwardsville Solar II",Habitat,"38.817689376093696, -89.99600409902773",2.8,18.13,2021,,"Single-axis Tracking",Pollinator,,,,No,IL,"Nexamp, Inc.",Unknown
"InSPIRE/Sites/Eggo Solar",Habitat,"44.719869, -93.788202",1.4,11.2,2019,,"Single-axis Tracking",Pollinator,,,,No,MN,"Standard Solar (SSI)",Unknown
"InSPIRE/Sites/Eichtens II CSG",Habitat,"45.39448323690905, -92.78122874279578",1.4,7.57,2018,,Fixed,Pollinator,,,,No,MN,"Terraform Arcadia","Luminace/Brookfield Energy"
"InSPIRE/Sites/Eiffel Solar",Grazing,"33.5990896, -95.5250044",314,1500,2022,,"Single-axis Tracking",,,Sheep,,No,TX,"SB Energy Global, LLC",Unknown
"InSPIRE/Sites/Electric City Solar",Habitat,"41.76701854, -85.42456655",18.9,130,2020,"Monofacial PV","Single-axis Tracking","Pollinator, Native grasses",,,Yes,No,MI,"Prism Power Partners","Greenbacker Renewable Energy Corporation"
"InSPIRE/Sites/Erin Garden Solar",Habitat,"44.67524, -94.01007",1.3,4.8,2020,,Fixed,"Native grasses",,,,No,MN,"Erin Garden LLC",Unknown
"InSPIRE/Sites/Everson Garden",Habitat,"44.674596504260684, -94.00843029109318",1.5,7.34,2022,,"Single-axis Tracking",Pollinator,,,,No,MN,"Nokomis Energy",Unknown
"InSPIRE/Sites/FL Starratt",Grazing,,7,27,2017,,,,,Sheep,,No,FL,"EDP Renewables","EDP Renewables"
"InSPIRE/Sites/Fall River",Habitat,"43.15531355, -103.3438392",98.84,200,2022,,"Single-axis Tracking","Pollinator, Native grasses",,,,No,SD,"Greenbacker Renewable Energy Corporation","Greenbacker Renewable Energy Corporation"
"InSPIRE/Sites/Falls Creek Garden",Habitat,"44.175137, -93.140294",1.3,4.85,2020,,Fixed,"Native grasses",,,,No,MN,"Falls Creek Garden LLC",Unknown
"InSPIRE/Sites/Fargo Road Solar",Habitat,,3.2,17.5,2022,"Bifacial PV","Single-axis Tracking",Pollinator,,,,No,IL,"Nexamp, Inc.",Unknown
"InSPIRE/Sites/Farmington Holdco Solar","Habitat,Grazing","44.6231078, -93.1348907",6.2,27.78,2017,"Monofacial PV",Fixed,Pollinator,,Sheep,,No,MN,"NRG Energy",Unknown
"InSPIRE/Sites/FastSun 1",Habitat,"45.07189899999999, -94.306308",1.3,9.68,2019,,"Single-axis Tracking",Pollinator,,,,No,MN,"Altus Power America Management, LLC",Unknown
"InSPIRE/Sites/FastSun 10",Habitat,"44.2923838810309, -92.72264832661412",1.4,8.7,2020,,"Single-axis Tracking",Pollinator,,,,No,MN,"Altus Power America Management, LLC",Unknown
"InSPIRE/Sites/FastSun 11",Habitat,"44.298365754456164, -92.74041260103286",1.4,10,2020,,"Single-axis Tracking",Pollinator,,,,No,MN,"Altus Power America Management, LLC",Unknown
"InSPIRE/Sites/FastSun 13",Habitat,"45.839460135858914, -95.14813298968805",1.3,9.21,2019,,"Single-axis Tracking",Pollinator,,,,No,MN,"Altus Power America Management, LLC",Unknown
"InSPIRE/Sites/FastSun 14",Habitat,"44.18379249717401, -93.86549032388855",1.4,14,2019,,"Single-axis Tracking",Pollinator,,,,No,MN,"Altus Power America Management, LLC",Unknown
"InSPIRE/Sites/FastSun 18",Habitat,"43.864923923326344, -91.32967685594521",1.3,10.2,2020,,"Single-axis Tracking",Pollinator,,,,No,MN,"Altus Power America Management, LLC",Unknown
"InSPIRE/Sites/FastSun 19",Habitat,"44.655202, -93.110769",1.4,11.6,2020,,Fixed,Pollinator,,,,No,MN,"Altus Power America Management, LLC",Unknown
"InSPIRE/Sites/FastSun 2",Habitat,"44.5316997, -92.97913779999999",1.4,13.25,2020,,"Single-axis Tracking",Pollinator,,,,No,MN,"Altus Power America Management, LLC",Unknown
"InSPIRE/Sites/FastSun 21",Habitat,"45.498092, -94.114719",1.5,4.7,2021,,"Single-axis Tracking",Pollinator,,,,No,MN,"Altus Power America Management, LLC",Unknown
"InSPIRE/Sites/FastSun 3",Habitat,"45.6180189, -94.48597",1.4,9.9,2019,,"Single-axis Tracking",Pollinator,,,,No,MN,"Altus Power America Management, LLC",Unknown
"InSPIRE/Sites/FastSun 7",Habitat,"44.718243416741124, -94.49080928097443",1.2,7.36,2019,,"Single-axis Tracking",Pollinator,,,,No,MN,"Altus Power America Management, LLC",Unknown
"InSPIRE/Sites/FastSun 8",Habitat,"44.26035299999999, -94.290927",1.4,9.96,2019,,"Single-axis Tracking",Pollinator,,,,No,MN,"Altus Power America Management, LLC",Unknown
"InSPIRE/Sites/FastSun 9",Habitat,"44.29514204218611, -92.697416443549",1.4,12.46,2020,,"Single-axis Tracking",Pollinator,,,,No,MN,"Altus Power America Management, LLC",Unknown
"InSPIRE/Sites/Felton CSG PV1-5","Habitat,Grazing","44.5400759, -92.9790008",6.5,70,2019,,Fixed,"Native grasses",,Sheep,,No,MN,"Ecoplexus, Inc.",Unknown
"InSPIRE/Sites/Fennimore Solar",Habitat,"42.970633, -90.661354",4.11,17.5,2019,,"Single-axis Tracking",Pollinator,,,,No,WI,"Butter Solar, LLC",Unknown
"InSPIRE/Sites/Fiddlehead Farms","Crop Production",,,0.3,2023,"Monofacial PV",,,"grapes, persimmons, blueberries, peaches, pears, apples, kiwis, tomatoes, peppers, broccoli, kale",,Yes,No,FL,Unknown,"City of Tallahassee"
"InSPIRE/Sites/Fitchburg Renewables","Habitat,Grazing","42.6056524, -71.796675",5.1,18.8,2020,,Fixed,Pollinator,,Sheep,No,No,MA,"Nexamp, Inc.","Fitchburg Renewables, LLC"
"InSPIRE/Sites/Fitchburg Solar","Habitat,Grazing","42.60597515178626, -71.78750815320204",0.7,3.7,2017,,Fixed,Pollinator,,Sheep,No,No,MA,"Nexamp, Inc.","Fitchburg Solar"
"InSPIRE/Sites/Five Points Solar Park",Grazing,"36.3854869, -120.2339698",84.1,480,2016,,"Single-axis Tracking",,,Sheep,,No,CA,"Frontier Renewables","Frontier Renewables"
"InSPIRE/Sites/Flower Solar",Habitat,"44.26941155573835, -94.20917504818635",1.4,9.6,2020,,"Single-axis Tracking",Pollinator,,,,No,MN,"Standard Solar (SSI)",Unknown
"InSPIRE/Sites/Fond Du Lac",Habitat,"43.73518141325143, -88.47351190594301",1.2,6,2021,,Fixed,Pollinator,,,,No,WI,ENGIE,Unknown
"InSPIRE/Sites/Forest City Solar",Habitat,"43.27495263451951, -93.62872820295625",4,12.5,2019,,"Single-axis Tracking",Pollinator,,,Yes,,IA,"OneEnergy Renewables, LLC","Butter Solar, LLC"
InSPIRE/Sites/Fountain,Habitat,"43.74622292286356, -92.12945616553482",3.8,20.93,2021,,"Single-axis Tracking",Pollinator,,,,No,MN,"Greenbacker Renewable Energy Corporation",Unknown
"InSPIRE/Sites/Fox CSG, LLC","Habitat,Grazing","45.388334, -92.67976700000001",6.5,31,2018,,Fixed,"Native grasses",,Sheep,,No,MN,"Ecoplexus, Inc.",Unknown
"InSPIRE/Sites/Foxhound Solar",Habitat,"36.8863695, -78.7346228",108,580,2023,,"Single-axis Tracking",Pollinator,,,,No,VA,"Longroad Energy","Longroad Energy / Future Owner: Dominion Energy"
"InSPIRE/Sites/Franks II",Habitat,"42.218015265584896, -88.49955321858738",2.9,16.1,2020,,"Single-axis Tracking",Pollinator,,,,No,IL,"MN8 Energy LLC","QE Solar"
"InSPIRE/Sites/Frederick Urbana Solar",Grazing,"39.3423373, -77.373064",7.5,10.8,2018,,"Single-axis Tracking",,,Sheep,,No,MD,Unknown,Unknown
"InSPIRE/Sites/French Road Solar II PV",Habitat,"42.060484896977776, -88.54015879208193",2.8,18,2022,,"Single-axis Tracking",Pollinator,,,,No,IL,"Nexamp, Inc.",Unknown
"InSPIRE/Sites/GRE Marshan Solar",Habitat,"44.69318029999999, -92.8171813",1.2,6.5,2017,,Fixed,Pollinator,,,,No,MN,ENGIE,Unknown
"InSPIRE/Sites/GSI Assumption",Habitat,"39.513087912112475, -89.03738954162807",2,7.5,2021,,"Single-axis Tracking",Pollinator,,,,No,IL,"Luminace Solar Illinois 2, LLC",Unknown
"InSPIRE/Sites/GSPP Held LLC CSG","Habitat,Grazing","45.52445414978036, -94.28251945618004",4,25.3,2019,"Monofacial PV",Fixed,Pollinator,,Sheep,,No,MN,"Green Street Power Partners",Unknown
"InSPIRE/Sites/Gardiner Our Kids Farm","Crop Production","41.56382184964089, -71.62080449917713",0.028,0.15,2019,"Monofacial PV",Fixed,,"Assorted vegetables - broccoli, kale, cabbage, swiss chard, strawberries, tomatoes, peppers, eggplant, squash - winter and summer, cucumbers, kohlrabi, herbs, salad greens, celery, onions, shallots, leeks, string beans and peas.",,Yes,No,RI,"Green Development LLC",Unknown
"InSPIRE/Sites/Gardner Clark Road","Habitat,Grazing","42.59449686537699, -72.0232395076126",7.1,18.7,2020,,Fixed,Pollinator,,Sheep,No,No,MA,"Borrego Solar Systems, Inc.","Clark Road Solar 1, LLC"
"InSPIRE/Sites/Gaskell West 1 Solar Facility",Grazing,"34.832804, -118.5645143",168,700,2018,,"Single-axis Tracking",,,Sheep,,No,CA,"Recurrent Energy","Southern Power"
InSPIRE/Sites/Geauga,Habitat,"40.867152, -80.839922",0.322,2,2021,,Fixed,Pollinator,,,No,No,OH,Melink,"Kent State University"
"InSPIRE/Sites/Gemini Community Solar","Habitat,Grazing","45.303401, -92.8035634",3.9,18.64,2017,Other,Fixed,Pollinator,,Sheep,,No,MN,"Berkshire Hathaway Energy Renewables",Unknown
InSPIRE/Sites/Geneva,Grazing,"42.86214418937039, -77.03173784865061",2.8,12,2015,"Monofacial PV",Fixed,,,Sheep,,No,NY,"Argos Solar LLC",Unknown
"InSPIRE/Sites/George Hill",Grazing,"42.1902080201609, -71.64237795260244",4,19,,,"Single-axis Tracking",,,Sheep,,No,MA,"Industria Engineering, Inc.",Unknown
"InSPIRE/Sites/Georgetown Project",Habitat,"38.62177975828375, -75.34121010234016",0.149,2,2020,,Fixed,Pollinator,,,,No,DE,"Inovateus Solar LLC",Unknown
"InSPIRE/Sites/Geranium Solar, LLC",Habitat,"44.965595, -95.230406",1.5,7.9,2020,,"Single-axis Tracking",Pollinator,,,,No,MN,"National Grid Renewables","National Grid Renewables"
"InSPIRE/Sites/Giffen Solar Park",Grazing,"36.5447822, -120.320639",27.9,160,2017,,"Single-axis Tracking",,,Sheep,,No,CA,"Frontier Renewables","Frontier Renewables"
"InSPIRE/Sites/Gilcrest V",Grazing,"40.31748115832066, -104.77057897235335",5,25.01,2021,,"Single-axis Tracking",,,Sheep,,,CO,"SunShare Management",Unknown
InSPIRE/Sites/GilcrestSun,Grazing,"40.293515, -104.806191",2.2,10.905,2021,,"Single-axis Tracking",,,Sheep,,,CO,"SunShare Management",Unknown
"InSPIRE/Sites/Gill Solar","Habitat,Grazing","42.6714129, -72.478582",2.77,11.4,2018,,Fixed,Pollinator,,Sheep,No,No,MA,"Borrego Solar Systems, Inc.","Gill Solar"
"InSPIRE/Sites/Giveback- Salsola mowing",Habitat,"38.251311, -104.428837",2.5,13.5,2022,,,Pollinator,,,,No,CO,USS,Unknown
"InSPIRE/Sites/Goldtree Solar Farm",Grazing,"35.320501671481466, -120.69071576193556",5.6,18.5,2018,,"Single-axis Tracking",,,Sheep,Yes,No,CA,"REC Solar","California Polytechnic University"
"InSPIRE/Sites/Good Solar",Habitat,"45.43578719910359, -92.94520800646792",1.4,9.7,2018,,"Single-axis Tracking",Pollinator,,,,No,MN,USS,USS
"InSPIRE/Sites/Goodenow Road East Solar 1",Habitat,,2.6,14.52,,"Bifacial PV","Single-axis Tracking",Pollinator,,,,No,IL,"Nexamp, Inc.",Unknown
InSPIRE/Sites/Goodhue,"Habitat,Grazing","44.27926659432292, -92.93781888891478",1.4,6.61,2018,,Fixed,Pollinator,,Sheep,,No,MN,"New Energy Equity",Unknown
"InSPIRE/Sites/Goodhue Community Solar Three",Grazing,"44.2996416811013, -92.7411932022885",1.4,5.09,2020,,Fixed,,,Sheep,,No,MN,"New Energy Equity",Unknown
"InSPIRE/Sites/Goodhue Community Solar Two",Grazing,"44.29076100914832, -92.7237286911647",1.4,7.92,2020,,Fixed,,,Sheep,,No,MN,"Madison Energy",Unknown
"InSPIRE/Sites/Goodrich Solar",Habitat,"41.076001, -88.06491",2.7,12,2022,,"Single-axis Tracking",Pollinator,,,,No,IL,"Standard Solar (SSI)",Unknown
"InSPIRE/Sites/Goose Lake",Habitat,"43.66703387174755, -93.29763113657965",1.9,9,2019,,"Single-axis Tracking",Pollinator,,,,No,MN,ENGIE,Unknown
"InSPIRE/Sites/Gopher CSG",Habitat,"45.399659, -92.678257",7.2,31,2018,"Monofacial PV",Fixed,Pollinator,,,,No,MN,ENGIE,Unknown
"InSPIRE/Sites/Grafton Solar","Crop Production,Grazing",,3.7,12,2016,,Fixed,,"Squash, lettuce",Cows,Yes,No,MA,"BlueWave Solar",AES
"InSPIRE/Sites/Grafton Solar - Old Upton Road",Grazing,"42.19755489031804, -71.66944572104134",1.7,4,2013,,Fixed,,,Sheep,,No,MA,"National Grid",Unknown
"InSPIRE/Sites/Grand Ronde",Habitat,"45.0524, -123.609",3.1,15.5,2017,"Monofacial PV",Fixed,"Pollinator, Native grasses",,,Yes,Yes,OR,"Pine Gate Renewables / Cypress Creek Renewables","Pine Gate Renewables / Cypress Creek Renewables"
"InSPIRE/Sites/Grande Ridge Solar Farm",Habitat,"41.143421, -88.75834",22.8,126,2012,"Monofacial PV",Fixed,Pollinator,,,,,IL,"Invenergy Services LLC",Unknown
"InSPIRE/Sites/Greenhouse Solar",Habitat,"44.23615594544823, -92.66919967516999",1.4,6.2,2020,,"Single-axis Tracking",Pollinator,,,,No,MN,"Standard Solar (SSI)",Unknown
"InSPIRE/Sites/Grey Cloud Solar",Habitat,"44.801826, -92.996842",1.5,8.5,2019,,"Single-axis Tracking",Pollinator,,,,No,MN,Unknown,Exeter
"InSPIRE/Sites/Groton Road",Grazing,"42.59735671336488, -71.64310310219416",0.99,8.8,2016,,Fixed,,,Sheep,,No,MA,"National Grid",Unknown
"InSPIRE/Sites/Groton School Road",Grazing,"42.57007423927439, -71.58946161081647",0.995,6,2016,,Fixed,,,Sheep,,No,MA,"National Grid",Unknown
"InSPIRE/Sites/Growing Green - Spaces of Opportunity","Crop Production","33.3852062, -112.0873383",0.0048,0.008,2024,"Monofacial PV",Fixed,,"Various vegetables",,,No,AZ,"Titan Solar","Spaces of Opportunity"
"InSPIRE/Sites/H (2019)",Habitat,"45.452581, -92.9016",6.4,30.5,,"Monofacial PV",Fixed,Pollinator,,,,,MN,,
"InSPIRE/Sites/Hadley 2 Solar","Habitat,Grazing","42.3491374, -72.558764",2.41,10,2016,,Fixed,Pollinator,,Sheep,No,No,MA,"Nexamp, Inc.","Hadley 2 Solar"
"InSPIRE/Sites/Hadley 3 (North)","Habitat,Grazing","42.3588249, -72.54208109999999",4.6,8.1,2019,,Fixed,Pollinator,,Sheep,Yes,No,MA,"Nexamp, Inc.","Hadley 3 Solar, LLC"
"InSPIRE/Sites/Hadley 3 (South)","Habitat,Grazing","42.3561871, -72.54172009999999",2.6,7.1,2019,,Fixed,Pollinator,,Sheep,Yes,No,MA,"Nexamp, Inc.","Hadley 3 Solar, LLC"
"InSPIRE/Sites/Hammer CSG",Habitat,"45.41806899342365, -94.00840976911975",6.4,34.64,2018,,"Single-axis Tracking","Native grasses",,,,No,MN,"DG Minnesota CSG, LLC","NextEra Energy"
InSPIRE/Sites/Hampton,Habitat,"44.54907293599625, -93.01658629081258",2.5,12,2018,,"Single-axis Tracking",Pollinator,,,,No,MN,ENGIE,Unknown
"InSPIRE/Sites/Hancock Solar",Habitat,"44.70362190630777, -93.78703869159456",1.4,8.4,2021,,"Single-axis Tracking",Pollinator,,,,No,MN,USS,USS
"InSPIRE/Sites/Harford Solar Farm",Grazing,"42.44268448749327, -76.23525298078127",2.8,12.5,2016,,Fixed,,,Sheep,,No,NY,"Novis Renewables",Unknown
"InSPIRE/Sites/Harlow Farms",Habitat,,0.124,1,2019,,Fixed,Pollinator,,,,No,IN,"Emergent Solar Energy",Unknown
"InSPIRE/Sites/Hastings Solar",Habitat,"44.75927799999999, -92.824884",6.8,41.3,2016,"Monofacial PV","Single-axis Tracking",Pollinator,,,,No,MN,"Enel Green Power NA, Inc.",Unknown
"InSPIRE/Sites/Hatfield Renewables","Habitat,Grazing","42.39918, -72.6164921",2.47,11.6,2017,,Fixed,Pollinator,,Sheep,No,No,MA,"NexGen Energy Solutions, LLC","Hatfield Renewables"
"InSPIRE/Sites/Haven Solar",Habitat,"45.51849030673641, -94.12405023585056",4.2,9.36,2019,,Fixed,Pollinator,,,,No,MN,"Standard Solar (SSI)",Unknown
"InSPIRE/Sites/Haverhill Hilldale Ave Agrivoltaic Project","Crop Production,Habitat,Grazing",,2,25,2023,"Bifacial PV","Single-axis Tracking",Pollinator,"Cucurbits & solanaceous crops",Cattle,No,No,MA,BlueWave,
"InSPIRE/Sites/Hawai'i Agrivoltaic Research and Demonstration Center","Crop Production,Grazing","21.4449552, -158.0086431",50.1,230,2022,"Bifacial PV","Single-axis Tracking",,"Radish, daikon, beets, melons, kabocha squash, broccoli, cabbage, collards, peppers, cauliflower, bush beans, eggplant, poha berries, bunching onion, lavender, strawberries, sweet potato, dryland taro, tomatoes, mamaki tea, asparagus, tea, coffee, protea, vanilla, peppercorn, maile (local vining flower) carrots, celery, cilantro, chard, lettuce, fennel, and basil",Sheep,Yes,No,HI,"Longroad Energy, AES Corporation, Clearway Energy","Hawai'i Agriculture Research Center hosted at Clearway Energy"
"InSPIRE/Sites/Haywood Solar Farm",Grazing,"35.9807792, -88.9439343",3.9,48,2017,,"Single-axis Tracking",,,Sheep,,No,TN,"Haywood Solar, SMLLC","Silicon Ranch"
"InSPIRE/Sites/Hayworth Solar",Grazing,"35.3257982, -118.8244116",33.3,160,2015,Other,"Single-axis Tracking",,,Sheep,,No,CA,"Avantus, Saferay Holding, and Sustainable Power Group","Alberta Investment Management, The AES, StepStone Group, and ULLICO"
InSPIRE/Sites/Hazel,Grazing,"43.781739, -91.955067",3.8,20,2021,,"Single-axis Tracking",,,Sheep,,No,MN,"Greenbacker Renewable Energy Corporation","One Energy"
"InSPIRE/Sites/Hazlehurst II Solar Farm",Grazing,"31.8144186, -82.5955157",74.1,425,2016,,"Single-axis Tracking",,,Sheep,,No,GA,"SR South Loving, LLC","Silicon Ranch"
"InSPIRE/Sites/Helen CSG 1",Habitat,"44.788700397459785, -94.0574428753626",5.6,7.5,2020,,"Single-axis Tracking",Pollinator,,,,No,MN,"Altus Power America Management, LLC",USS
"InSPIRE/Sites/Herrington Community Solar Farm","Habitat,Grazing","42.873859266765585, -73.62297388329716",7.5,25,2021,,"Single-axis Tracking",Pollinator,,Sheep,,No,NY,"Eden Renewables",Unknown
"InSPIRE/Sites/Hertzberg Community Solar Garden",Habitat,"45.4053665, -94.6968406",1.4,8.52,2020,,"Single-axis Tracking",Pollinator,,,,No,MN,"Hertzberg Community Solar",Unknown
"InSPIRE/Sites/Hobart Solar LLC",Grazing,"41.531111, -87.309871",1.3,5.3,2012,,Fixed,,,Sheep,,No,IN,Unknown,Unknown
"InSPIRE/Sites/Hockey Pad Solar",Habitat,"44.634035, -93.612636",0.4,4.3,2019,,"Single-axis Tracking",Pollinator,,,,No,MN,USS,USS
InSPIRE/Sites/Hodag,Habitat,"45.612134, -89.44607",9.7,47,2022,"Bifacial PV","Single-axis Tracking",Pollinator,,,,No,WI,"OneEnergy Renewables, LLC","Wisconsin Public Service"
"InSPIRE/Sites/Hoot Lake Solar",Habitat,"46.2825053, -96.0339436",49.9,312.5,2023,,Fixed,Pollinator,,,,No,MN,"Otter Tail Power Company",Unknown
"InSPIRE/Sites/Horne Homestead",Grazing,"42.14216991875457, -71.93117241629265",1.9,8,,,Fixed,,,Sheep,,No,MA,Unknown,Unknown
"InSPIRE/Sites/Horne North Solar",Habitat,"47.021051, -96.481367",1.4,8,2020,,"Single-axis Tracking",Pollinator,,,,No,MN,"Standard Solar (SSI)",USS
"InSPIRE/Sites/Horne South Solar",Habitat,"47.00022976826941, -96.49873307363094",1.4,7.69,2020,,"Single-axis Tracking",Pollinator,,,,No,MN,"Standard Solar (SSI)",USS
"InSPIRE/Sites/Houston Ranch",Grazing,"32.3731958, -83.7612443",98.5,706,2021,,"Single-axis Tracking",,,Sheep,,No,GA,"Silicon Ranch","Silicon Ranch"
"InSPIRE/Sites/Houston Solar Array","Crop Production","61.5851327, -149.7788319",8.5,40,2023,"Bifacial PV",Fixed,,"Native berry plants, vegetable crops, and forage crops",,Yes,No,AK,"Renewable IPP",CleanCapital
"InSPIRE/Sites/Hubers Solar",Habitat,"44.455653430278915, -93.12334501968203",1.4,8.5,2021,,"Single-axis Tracking",Pollinator,,,,No,MN,USS,USS
"InSPIRE/Sites/Huneke (CSG) 1, LLC",Grazing,"44.29431173228475, -92.73409292698862",1.4,7.41,2020,,"Single-axis Tracking",,,Sheep,,No,MN,"Madison Energy Holdings, LLC",Unknown
"InSPIRE/Sites/Huneke (CSG) 2, LLC",Grazing,"44.266708176240854, -92.66723666740691",1.4,7.37,2020,,"Single-axis Tracking",,,Sheep,,No,MN,"Madison Energy Holdings, LLC",Unknown
"InSPIRE/Sites/Huneke II CSG",Habitat,"44.2954160187938, -92.73465300631918",1.4,6.7,2018,,Fixed,Pollinator,,,,No,MN,"Terraform Arcadia","Luminace/Brookfield Energy"
"InSPIRE/Sites/Hyacinth Solar, LLC",Habitat,"44.4735156044109, -93.2022831369428",1.5,7.49,2020,Other,"Single-axis Tracking",Pollinator,,,,No,MN,"National Grid Renewables","National Grid Renewables"
"InSPIRE/Sites/IMS Solar Garden",Habitat,"45.56449957347056, -94.34940576553345",6.513,27.4,2017,,Fixed,Pollinator,,,,No,MN,"New Energy Equity","Luminace/Brookfield Energy"
"InSPIRE/Sites/Idaho: Habitat",Habitat,"42.538647475641035, -114.41109293216563",2,5,2019,"Monofacial PV",Fixed,Pollinator,,,Yes,Yes,ID,"Clif Bar Bakery of Twin Falls, LLC","Clif Bar"
"InSPIRE/Sites/Impact Solar I","Habitat,Grazing","33.46891306409337, -95.36808855732666",260,1900,2020,,"Single-axis Tracking",Pollinator,,Sheep,,No,TX,"Lightsource BP",Unknown
"InSPIRE/Sites/Inovateus Solar - Orange",Habitat,"42.30886442980843, -77.04029446308462",7.5,22,2022,,"Single-axis Tracking",Pollinator,,,,No,NY,"Inovateus Solar LLC",Unknown
"InSPIRE/Sites/Inovateus Solar - Walton",Habitat,"42.15744847222289, -75.04495958064071",3.4,2.5,2022,,"Single-axis Tracking",Pollinator,,,,No,NY,"Inovateus Solar LLC",Unknown
"InSPIRE/Sites/Iris Solar, LLC (MN)",Habitat,"44.25317179950686, -94.20941729657468",1.5,7.28,2020,,"Single-axis Tracking",Pollinator,,,,No,MN,"National Grid Renewables","National Grid Renewables"
"InSPIRE/Sites/J (2019)","Grazing,Habitat","44.759275, -92.8249",7,29.61,,"Monofacial PV",Fixed,Pollinator,,Sheep,,,MN,,
"InSPIRE/Sites/JJ Clay Solar",Habitat,"47.028607725882466, -96.49992883675021",1.4,8,2020,,"Single-axis Tracking",Pollinator,,,,No,MN,"Standard Solar (SSI)",USS
"InSPIRE/Sites/JJ Solar",Habitat,"45.635296771133, -94.05371347735415",1.4,9.3,2019,,"Single-axis Tracking",Pollinator,,,,No,MN,USS,USS
"InSPIRE/Sites/Jacks Solar Garden","Crop Production,Habitat,Grazing","40.12236359, -105.1287327",1.1,5,2020,"Monofacial PV","Single-axis Tracking","Pollinator, Native grasses","tomato, pepper, kale, radish, eggplant, 30+ crop types",Sheep,Yes,Yes,CO,"Namaste Solar","Jack's Solar Garden"
"InSPIRE/Sites/Jackson II Solar Farm",Grazing,"35.6077571, -88.9170465",2,12,2022,Other,"Single-axis Tracking",,,Sheep,,No,TN,"Silicon Ranch","Silicon Ranch"
"InSPIRE/Sites/James Madison University ISAT Solar Facility",Habitat,"38.43464533034767, -78.86506044333787",0.3,1.64,2022,Other,Fixed,Pollinator,,,,No,VA,Unknown,Unknown
"InSPIRE/Sites/Jeffco Solar",Habitat,"39.85859, -105.150084",1.5,6.25,2016,,"Single-axis Tracking",Pollinator,,,,,CO,"SunShare Management",Unknown
"InSPIRE/Sites/Joe Czajkowski Farm","Crop Production","42.4105272, -72.5484649",0.445,2.2,2023,"Bifacial PV","Single-axis Tracking",,Broccoli,,Yes,No,MA,"Hyperion Systems",Sunwealth
"InSPIRE/Sites/Jonesborough II Solar",Grazing,"36.24864351353466, -82.52161420414625",5,70,2018,Other,"Single-axis Tracking",,,Sheep,,No,TN,"Silicon Ranch","Silicon Ranch"
"InSPIRE/Sites/Judd Road Solar",Grazing,"43.13919832558261, -75.35513328159783",7.5,25,2022,,Fixed,,,Sheep,,No,NY,"Novis Renewables",Unknown
"InSPIRE/Sites/Juno Solar Project",Grazing,"32.7725586, -101.3917715",412,1975,2021,Other,"Single-axis Tracking",,,Sheep,,No,TX,"SB Energy",
"InSPIRE/Sites/KVPV Solar",Habitat,"46.98658300358543, -96.50034330735653",1.4,8.9,2020,,"Single-axis Tracking",Pollinator,,,,No,MN,"Standard Solar (SSI)",USS
"InSPIRE/Sites/Ka Lae Solar Farm",Grazing,"19.05590566759866, -155.66928229294558",0.991,4.23,,,,,,Sheep,,No,HI,"Pivot Energy","Arion Energy"
InSPIRE/Sites/Kankakee,Habitat,"41.09327617573432, -87.8706693649292",2.9,15.38,2020,,"Single-axis Tracking",Pollinator,,,,No,IL,"MN8 Energy LLC","QE Solar"
"InSPIRE/Sites/Kankakee Solar 4 LLC",Grazing,"41.1245307, -87.82675499999999",2.8,9.4,2020,,"Single-axis Tracking",,,Sheep,,No,IL,Unknown,Unknown
"InSPIRE/Sites/Kasch Solar",Habitat,"45.62450656211202, -94.06122964666567",1.4,8.6,2018,,"Single-axis Tracking",Pollinator,,,,No,MN,USS,USS
"InSPIRE/Sites/Kass Solar",Habitat,"44.225083, -95.6893879",1.4,9.7,2021,,Fixed,Pollinator,,,,No,MN,"Standard Solar (SSI)",USS
"InSPIRE/Sites/Kaus Community Solar",Habitat,"44.05084671083453, -92.96127701583201",1.5,8.76,2019,Other,Fixed,"Native grasses",,,,No,MN,"National Grid Renewables","National Grid Renewables"
"InSPIRE/Sites/Kearney NPPD Solar Project",Habitat,"40.72207523060164, -99.03890485579811",7.2,35,2017,"Monofacial PV","Single-axis Tracking",Pollinator,,,,No,NE,ENGIE,Unknown
"InSPIRE/Sites/Kelly Road",Grazing,"42.081758, -72.089786",1,5,2016,,Fixed,,,Sheep,,No,MA,"National Grid",Unknown
"InSPIRE/Sites/Kettleman Solar",Grazing,"36.0506718, -119.9504462",27,220,2015,,"Single-axis Tracking",,,Sheep,,No,CA,Clenera,"Boralex and Global Atlantic Financial Group"
"InSPIRE/Sites/King 2 Solar",Habitat,"44.847979, -93.847329",1.4,11.7,2019,,"Single-axis Tracking",Pollinator,,,,No,MN,"Standard Solar (SSI)",USS
"InSPIRE/Sites/Kirkland Project 1",Habitat,"42.117213, -88.804706",2.9,19.4,,,"Single-axis Tracking",Pollinator,,,,No,IL,Nexamp,Nexamp
"InSPIRE/Sites/Knapp East (CSG)",Grazing,"43.01670758607972, -78.45600990327507",6.3,22.08,2021,,Fixed,,,Sheep,,No,NY,AES,Unknown
"InSPIRE/Sites/Knapp West (CSG)",Grazing,"43.01608185542122, -78.45967298141792",6.1,21.44,2021,,Fixed,,,Sheep,,No,NY,AES,Unknown
"InSPIRE/Sites/Kost Trail Solar",Habitat,"45.4692427, -92.87091389999999",1.4,10.9,2019,,"Single-axis Tracking",Pollinator,,,No,No,MN,"Standard Solar (SSI)",Unknown
InSPIRE/Sites/Kreye,"Habitat,Grazing","44.86141019999999, -93.8873466",4.6,27.4,,,"Single-axis Tracking",Pollinator,,Sheep,,No,MN,Unkown,"SHC LLC"
"InSPIRE/Sites/Lafayette DPC Solar",Habitat,"44.888203, -91.351855",1.2,7.9,2017,,"Single-axis Tracking",Pollinator,,,,No,WI,ENGIE,Unknown
"InSPIRE/Sites/Lahr 1, LLC",Habitat,"45.43016605834027, -94.42679533697927",7.1,36,2018,,Fixed,Pollinator,,,,No,MN,ENGIE,Unknown
"InSPIRE/Sites/Lake Emily",Habitat,"44.320364, -93.903166",6.6,30.3,2016,"Monofacial PV","Single-axis Tracking",Pollinator,,,,No,MN,"Enel Green Power NA, Inc.",Unknown
"InSPIRE/Sites/Lake Herman",Habitat,"38.09732744, -122.1417057",7,30.1,2021,Other,"Single-axis Tracking","Pollinator, Native grasses",,,,No,CA,"Greenbacker Renewable Energy Corporation",Unknown
"InSPIRE/Sites/Lake Patterson Solar",Habitat,"44.83932035933771, -93.88222720745668",1.4,9.9,2019,,"Single-axis Tracking",Pollinator,,,,No,MN,"Standard Solar (SSI)",USS
"InSPIRE/Sites/Lake Pulaski",Habitat,"45.195854, -93.812137",10.92,68,2016,"Monofacial PV","Single-axis Tracking",Pollinator,,,,No,MN,"Greenbacker Renewable Energy Corporation",Unknown
"InSPIRE/Sites/Lake Waconia IV Community Solar Garden",Habitat,"44.874654686871125, -93.81494804570634",1.4,9.25,2018,"Monofacial PV",Fixed,Pollinator,,,,No,MN,"PureSky Energy",Unknown
"InSPIRE/Sites/Lancaster Solar Farm",Grazing,"31.471401, -84.744438",114,645,2021,Other,"Single-axis Tracking",,,Sheep,,No,GA,"Lancaster Solar GA, LLC","Silicon Ranch"
"InSPIRE/Sites/Lansing Renewables",Grazing,"42.59263489558845, -76.56554487264643",6.7,25,2020,,"Single-axis Tracking",,,Sheep,,No,NY,Unknown,Unknown
"InSPIRE/Sites/Lawrence Brook",Habitat,"44.51712858, -72.62544146",2.79,9.4,2020,,Fixed,Pollinator,,,,No,VT,"Greenbacker Renewable Energy Corporation",Unknown
"InSPIRE/Sites/Lawrence Creek X","Habitat,Grazing","45.401289, -92.693726",5.3,24.5,2016,"Monofacial PV","Single-axis Tracking","Pollinator, Native grasses",,Sheep,,No,MN,"Enel Green Power NA, Inc.",Unknown
"InSPIRE/Sites/LeGore Bridge Solar Center",Grazing,"39.573864, -77.30772700000001",20,175,2022,,,,,Sheep,,No,MD,"Coronal Development Services, LLC",Unknown
"InSPIRE/Sites/Leavenworth Greenworks, LLC",Grazing,"40.941998937202406, -72.89034091339968",14.3,48.5,2016,,Fixed,,,Sheep,,No,NY,"AES Distributed Energy",Unknown
"InSPIRE/Sites/Leo Community Solar",Habitat,"43.97808602068371, -95.85181180426969",1.5,9.03,2018,Other,Fixed,"Native grasses",,,,No,MN,"National Grid Renewables","National Grid Renewables"
"InSPIRE/Sites/Leven Garden Solar",Habitat,"45.71767292169082, -95.26417432151665",1.3,4.36,2020,,Fixed,"Native grasses",,,,No,MN,"Leven Garden LLC","Nokomis Energy, Excelsior Energy Capital"
"InSPIRE/Sites/Liberty Pole DPC Solar",Habitat,"43.4935996, -90.9068097",1.6,9.3,2017,,"Single-axis Tracking",Pollinator,,,,No,WI,ENGIE,Unknown
"InSPIRE/Sites/Linden 01 CSG",Habitat,"44.59298000140955, -93.8481631704268",1.5,7.46,2020,,Fixed,Pollinator,,,,No,MN,"SunShare Management",Unknown
"InSPIRE/Sites/Linden 02 CSG",Habitat,"44.59219, -93.84660799999999",1.5,7.46,2020,,Fixed,Pollinator,,,,No,MN,"SunShare Management",Unknown
"InSPIRE/Sites/Linden 03 CSG",Habitat,"44.59278529894593, -93.84513457331758",1.5,7.46,2020,,Fixed,Pollinator,,,,No,MN,"SunShare Management",Unknown
"InSPIRE/Sites/Logansport Municipal Utility (LMU)",Habitat,"40.760083, -86.388288",19.27,80,2021,"Monofacial PV",Fixed,Pollinator,,,Yes,,IN,,
"InSPIRE/Sites/Loon Garden",Habitat,"44.0892784, -93.5567092",1.3,5.125,2020,,Fixed,"Native grasses",,,,No,MN,"Loon Garden LLC","Nokomis Energy, Excelsior Energy Capital"
InSPIRE/Sites/Luciana,Grazing,"35.8124955, -119.1175396",72.5,330,2022,,"Single-axis Tracking",,,Sheep,,No,CA,"Idemitsu Renewables","Idemitsu Renewables"
"InSPIRE/Sites/Lunenburg Settlers Solar","Habitat,Grazing","42.6071466, -71.7612403",5.8,23.2,2020,,Fixed,Pollinator,,Sheep,No,No,MA,"Nexamp, Inc.","Settlers Solar, LLC"
"InSPIRE/Sites/Lyra Community Solar","Habitat,Grazing","44.24100175954583, -93.58578162413356",3.9,14.84,2018,Other,Fixed,Pollinator,,Sheep,,No,MN,,"Berkshire Hathaway Energy Renewables"
"InSPIRE/Sites/MSC-Empire01, LLC (Empire)",Habitat,"44.6882974, -93.11708340000001",1.5,10,2019,,"Single-axis Tracking",Pollinator,,,,No,MN,"MSC-Empire01, LLC","TBB LLC - CSG"
InSPIRE/Sites/MTSun,Habitat,"45.86774596, -108.6265515",103.7,675,2022,,"Single-axis Tracking","Pollinator, Native grasses",,,,No,MT,"Greenbacker Renewable Energy Corporation",Unknown
"InSPIRE/Sites/Macon-Bibb County",Grazing,"32.741056, -83.63108799999999",3.9,23.06,,,,,,Sheep,,No,GA,"Inman Solar",Unknown
"InSPIRE/Sites/Madison Fields Solar Project (MFSP)","Crop Production,Grazing","40.08891, -83.4950286",180,1280,2023,"Monofacial PV",Fixed,,"Hay, Alfalfa, corn, soy",,,No,OH,,
"InSPIRE/Sites/Maine blueberry site","Crop Production","44.169714888585645, -69.12728694726674",4.3,12,2021,"Monofacial PV",Fixed,,Blueberries,,Yes,No,ME,BlueWave,Unknown
"InSPIRE/Sites/Manchester Solar Site",Grazing,"43.01761622494143, -71.48858206549974",3.8,12,2022,,Fixed,,,Sheep,,No,NH,"Aegis Renewable Energy",Unknown
"InSPIRE/Sites/Manzo Elementary School","Crop Production","32.233377275404514, -110.99475429949742",0.25,1.25,2015,,Fixed,,"Potatoes, tomatoes, basil, beans, squash",,Yes,No,AZ,Unknown,Unknown
"InSPIRE/Sites/Maple City",Habitat,"43.27869189758255, -92.79133898334119",1.85,13.2,2022,,Fixed,"Pollinator, Native grasses",,,,No,IA,"Greenbacker Renewable Energy Corporation",Unknown
"InSPIRE/Sites/Mapleton Community Solar","Habitat,Grazing","43.908941731366646, -93.92342210559559",3.9,22.01,2017,Other,Fixed,Pollinator,,Sheep,,No,MN,"Berkshire Hathaway Energy Renewables",Unknown
"InSPIRE/Sites/Marstons Mills",Habitat,"41.66, -70.4",4.5,27.5,2014,,Fixed,Pollinator,,,,No,MA,"Clean Focus Yield, LLC",Unknown
"InSPIRE/Sites/Massachusetts farm","Crop Production","42.34658214, -72.59447233",0.1,0.5,2011,"Monofacial PV",Fixed,,"Squash, broccoli",,,No,MA,"Hyperion Systems","Edwards Farm"
"InSPIRE/Sites/Maston Garden Solar",Habitat,"44.0436472, -92.68968699999999",1.3,6.29,2020,,Fixed,"Native grasses",,,,No,MN,"Maston Garden LLC","Nokomis Energy, Excelsior Energy Capital"
"InSPIRE/Sites/Matterhorn Community Solar",Grazing,"39.3511669, -76.8627209",2,14,2023,,,,,Sheep,,No,MD,"Chaberton Energy and Pivot Energy",Unknown
"InSPIRE/Sites/Mauntel's Solar Sheep","Grazing,Habitat",,1.3,5,2018,,"Single-axis Tracking","Naturalized, Pollinator",,Sheep,,No,IA,"Ideal Energy, Inc.",Unknown
"InSPIRE/Sites/Mayhew Solar",Habitat,"45.62713806652661, -94.04111463086751",1.4,9.8,2020,,"Single-axis Tracking",Pollinator,,,,No,MN,"Standard Solar (SSI)",USS
"InSPIRE/Sites/Mechanicsville Solar Park",Grazing,"37.6702911, -77.2023555",35,220,2020,,"Single-axis Tracking",,,Sheep,,No,VA,SunEnergy1,Unknown
"InSPIRE/Sites/Medford DPC Solar",Habitat,"45.16512700000001, -90.3738439",2.5,16,2017,,"Single-axis Tracking",Pollinator,,,,No,WI,ENGIE,Unknown
"InSPIRE/Sites/Melnik Farm","Crop Production,Grazing","42.3435555, -72.70405556",0.025,0.5,2012,"Monofacial PV",Fixed,,"Zucchini, broccoli, leafy greens, watermelon",Horse,No,No,MA,"Hyperion Systems LLC","Pat Melnik"
"InSPIRE/Sites/Mennie South FC PV",Habitat,"41.258035, -89.174066",3,12.2,,,Fixed,Pollinator,,,,No,IL,"Nexamp, Inc.",Unknown
"InSPIRE/Sites/Meyer Community Solar Garden",Habitat,"45.610525, -94.862456",0.441,3.16,2022,,Fixed,Pollinator,,,,No,MN,"New Energy Equity",Unknown
"InSPIRE/Sites/Michael Solar",Habitat,"45.66757, -94.708213",4.2,41,2017,"Monofacial PV",Fixed,Pollinator,,,,No,MN,ENGIE,Unknown
"InSPIRE/Sites/Midtown Solar",Habitat,"45.674035267043735, -94.75083402521415",1.4,9.86,2020,,"Single-axis Tracking",Pollinator,,,,No,MN,"Standard Solar (SSI)",USS
"InSPIRE/Sites/Milkweed Solar",Habitat,"45.42836948033926, -94.7059995578975",1.4,8.8,2020,,"Single-axis Tracking",Pollinator,,,,No,MN,"Standard Solar (SSI)",USS
InSPIRE/Sites/Millard-newfield,Grazing,"42.385144, -76.6005",7.5,30,2019,"Monofacial PV",Fixed,,,Sheep,,No,NY,"Nexamp, Inc.",Unknown
"InSPIRE/Sites/Millington Ranch (I and II)",Grazing,"35.353172, -89.84825939999999",202,1850,2018,Other,"Single-axis Tracking",,,Sheep,,No,TN,"Silicon Ranch","Silicon Ranch"
"InSPIRE/Sites/Million Little Sunbeams","Crop Production","42.086544912446506, -72.3326258286021",0.25,1,2020,"Bifacial PV","Single-axis Tracking",,Hay,,,No,MA,"SunBug Solar",Unknown
"InSPIRE/Sites/Mohawk View Solar","Habitat,Grazing","42.93852905541772, -74.37583601927331",7.5,27,2021,,"Single-axis Tracking","Pollinator, Native grasses",,Sheep,,No,NY,"Eden Renewables",Unknown
"InSPIRE/Sites/Monarch Solar",Habitat,"45.499096, -95.138745",1.4,8.7,2020,,"Single-axis Tracking",Pollinator,,,,No,MN,"Standard Solar (SSI)",USS
"InSPIRE/Sites/Monee Solar",Grazing,"41.38416535158435, -87.76108990628794",2,30.13,2024,,,,,Sheep,,No,IL,Reactivate,Unknown
"InSPIRE/Sites/Monroe Solar Facility",Grazing,"34.92666920154689, -80.6234486221936",74.6,400,2017,,Fixed,,,Sheep,,No,NC,"Duke Energy Carolinas, LLC",Unknown
"InSPIRE/Sites/Montegomery sheep farm",Grazing,"35.34484149159477, -79.76459966990254",25,200,2015,,Fixed,,,Sheep,,No,NC,"Oppidum Renewables USA, LLC",Unknown
"InSPIRE/Sites/Monticello Project CSG",Habitat,"45.272503585971336, -93.82774800442022",6.7,35.78,2018,,"Single-axis Tracking","Native grasses",,,,No,MN,"DG Minnesota CSG, LLC","NextEra Energy"
"InSPIRE/Sites/Montrose S","Habitat,Grazing","45.055628, -93.922807",4.98,23.46,2016,"Monofacial PV","Single-axis Tracking","Pollinator, Native grasses",,Sheep,,No,MN,"Enel Green Power NA, Inc.",Unknown
"InSPIRE/Sites/Morgan Community Solar","Habitat,Grazing","44.4131475, -94.908037",3.9,21.74,2017,Other,Fixed,Pollinator,,Sheep,,No,MN,"Berkshire Hathaway Energy Renewables",Unknown
"InSPIRE/Sites/Mossberg Drive",Grazing,"41.925044070791785, -71.32495683040787",0.65,6,2015,,Fixed,,,Sheep,,No,MA,"National Grid",Unknown
"InSPIRE/Sites/Mount Tom",Habitat,"42.2686, -72.603",5.85,22,2017,"Monofacial PV",Fixed,Pollinator,,,,No,MA,ENGIE,Unknown
"InSPIRE/Sites/Mt. Hope DPC Solar",Habitat,"42.976632, -90.83055999999999",1.5,10.6,2017,,"Single-axis Tracking",Pollinator,,,,No,WI,ENGIE,Unknown
"InSPIRE/Sites/Mud Garden Solar",Habitat,"44.5439329, -94.221522",1.3,4.61,2020,,Fixed,"Native grasses",,,,No,MN,"Mud Garden LLC","Nokomis Energy, Excelsior Energy Capital"
"InSPIRE/Sites/Mulberry Solar",Grazing,"38.7283772, -90.134228",2,9.76,2023,,,,,Sheep,,No,IL,Reactivate,Unknown
InSPIRE/Sites/Musgrave,Grazing,"42.73284, -76.66201",5.6,22,2016,"Monofacial PV",Fixed,,,Sheep,,No,NY,"Artemis Solar LLC",Unknown
"InSPIRE/Sites/Mustang Two Solar Facility",Grazing,"36.225753, -119.8950462",211,1160,2020,,"Single-axis Tracking",,,Sheep,,No,CA,"Idemitsu Renewables","Idemitsu Renewables"
"InSPIRE/Sites/NREL Bifacial Plot (BARN)","Crop Production,Habitat",,0.075,0.3,2019,"Bifacial PV","Single-axis Tracking",Pollinator,"Tomatoes, pepper, kale, chard, carrot, beans",,Yes,Yes,CO,Unknown,NREL
"InSPIRE/Sites/NREL National Wind Technology Center Solar Vegetation Test Plot",Habitat,"39.909380599072136, -105.23170172002766",1.1,8,2009,"Monofacial PV","Single-axis Tracking","Native grasses",,,Yes,Yes,CO,SunEdison,NREL
"InSPIRE/Sites/Nash Creek Solar",Habitat,"29.545072, -97.756428",2.4,12,,"Monofacial PV","Single-axis Tracking",Pollinator,,,,No,TX,ENGIE,Unknown
"InSPIRE/Sites/National Center for Appropriate Technology","Crop Production,Habitat","45.984019667129495, -112.48561693297324",0.045,0.225,2016,,Fixed,"Pollinator, Native grasses","Spring wheat",,,No,MT,Unknown,"National Center for Appropriate Technology"
"InSPIRE/Sites/Nesvold Watertown Solar",Habitat,"44.936464, -93.832826",7,33,2018,"Monofacial PV",Fixed,Pollinator,,,,No,MN,ENGIE,Unknown
"InSPIRE/Sites/New Auburn DPC Solar",Habitat,"45.2114774, -91.4366445",3.7,17.6,2018,,"Single-axis Tracking",Pollinator,,,,No,WI,ENGIE,Unknown
"InSPIRE/Sites/New Munich Solar",Habitat,"45.65231102758941, -94.75366459902617",1.4,11.5,2019,,"Single-axis Tracking",Pollinator,,,,No,MN,"New Munich Solar LLC","Clearway Energy"
"InSPIRE/Sites/Niagara University",Grazing,"43.1374171, -79.03837709999999",4,17,2023,,,,,Sheep,,No,NY,Unknown,Unknown
"InSPIRE/Sites/Nillie Corn Solar",Habitat,"45.45932684241999, -92.89960913355712",1.4,9.1,2018,,"Single-axis Tracking",Pollinator,,,,No,MN,USS,USS
"InSPIRE/Sites/Norelius Solar",Habitat,"45.4717619, -92.88774219999999",1.4,9.5,2019,,"Single-axis Tracking",Pollinator,,,,No,MN,USS,USS
"InSPIRE/Sites/North Eagle Village Solar",Grazing,"43.02293331924308, -75.95815620143556",7.5,22.8,2022,,Fixed,,,Sheep,,No,NY,"Novis Renewables",Unknown
"InSPIRE/Sites/North Star Solar Project","Habitat,Grazing","45.4859946, -92.89738109999999",138,850,2016,,"Single-axis Tracking","Native grasses",,Sheep,,No,MN,"North Star Solar PV LLC","DE Shaw Renewables"
"InSPIRE/Sites/Northfield Community Solar","Habitat,Grazing","44.47563529577624, -93.19840717840395",6.5,38.81,2016,Other,Fixed,Pollinator,,Sheep,,No,MN,"Berkshire Hathaway Energy Renewables",Unknown
"InSPIRE/Sites/Northfield Solar CSG",Habitat,"44.416844, -93.15167679999999",7.2,26.24,2020,,Fixed,Pollinator,,,,No,MN,"Altus Power America Management, LLC",Unknown
"InSPIRE/Sites/Novel Brooten Solar CSG",Habitat,"45.512665244961276, -95.11431882013622",1.5,13.3,2019,,Fixed,Pollinator,,,,No,MN,"Novel Energy Solutions",Unknown
"InSPIRE/Sites/Novel Energy",Habitat,"45.41715, -93.38854",9.4,58,2021,,"Single-axis Tracking",Pollinator,,,,No,MN,"REA Investments, LLC",Unknown
"InSPIRE/Sites/Novel OYA of Osakis CSG",Habitat,"45.8497486, -95.1480395",7.2,36.67,2018,,Fixed,Pollinator,,,,No,MN,"NRG MN Community LLC","Clearway Energy"
"InSPIRE/Sites/Novel Reber Solar CSG",Habitat,"45.62749991651505, -94.5925690750304",1.5,8,2019,,Fixed,Pollinator,,,,No,MN,"Novel Energy Solutions",
"InSPIRE/Sites/OE 1 Armstrong Solar",Habitat,,3.5,23.9,,,"Single-axis Tracking",Pollinator,,,,No,IL,Unknown,Nexamp
"InSPIRE/Sites/OE Solar 2 Blazing Star",Habitat,"42.231372, -88.643135",3.5,24.6,,,,Pollinator,,,,No,IL,Unknown,Nexamp
"InSPIRE/Sites/OE Solar 3 PV",Habitat,"42.020224, -89.359451",2,19.77,2022,,"Single-axis Tracking",Pollinator,,,,No,IL,"OE IL Solar 3, LLC",Nexamp
"InSPIRE/Sites/OSU 53rd Street Solar Array","Crop Production","44.56623668327086, -123.30880657151228",0.289,1.6,2013,"Monofacial PV",Fixed,,,,Yes,Yes,OR,Unknown,"Oregon State University"
"InSPIRE/Sites/OSU Vegetable Research Farm Solar Array","Crop Production","44.5754053, -123.2404907",0.65,1.6,,"Monofacial PV",Fixed,,,,Yes,Yes,OR,Unknown,"Oregon State University"
"InSPIRE/Sites/Oberlin Spear Point",Grazing,"41.302704, -82.229581",2.3,12,2012,"Monofacial PV","Single-axis Tracking",,,Sheep,,No,OH,"Spear Point Energy","Oberlin College"
"InSPIRE/Sites/Olney Solar II Array",Habitat,"38.72041134684906, -88.13009953700056",2.7,14.68,2021,,"Single-axis Tracking",Pollinator,,,,No,IL,"Olney Solar II, LLC",Nexamp
"InSPIRE/Sites/Omni Navitas Holdings, LLC",Grazing,"42.9347589, -76.10889399999999",4.6,22,2022,,"Single-axis Tracking",,,Sheep,,No,NY,"Green Street Power Partners, LLC",Unknown
"InSPIRE/Sites/Organic Valley",Habitat,"43.5812917, -90.6365029",2.75,8.4,2019,"Monofacial PV","Single-axis Tracking","Pollinator, Native grasses",,,,No,WI,"OneEnergy Renewables, LLC",Unknown
"InSPIRE/Sites/Orion Community Solar","Habitat,Grazing","45.588733, -94.400966",3.9,25.3,2017,Other,Fixed,Pollinator,,Sheep,,No,MN,"Berkshire Hathaway Energy Renewables",Unknown
"InSPIRE/Sites/Oxford Road",Grazing,"42.13530364368061, -71.93768874827022",0.65,3,2016,,Fixed,,,Sheep,,No,MA,Unknown,Unknown
"InSPIRE/Sites/Palmer Sykes St Sheep Agrivoltaic Project",Grazing,"42.179927, -72.341105",8.6,23.3,2023,"Bifacial PV",Fixed,Pollinator,,Sheep,No,No,MA,BlueWave,BlueWave
"InSPIRE/Sites/Patterson Road North",Grazing,"42.557673458689806, -71.62562512626623",1,7,2018,,Fixed,,,Sheep,,No,MA,"National Grid",Unknown
"InSPIRE/Sites/Patterson Road South",Grazing,"42.55539270497572, -71.62462220231379",0.53,3,2018,,Fixed,,,Sheep,,No,MA,"Nexamp, Inc.",Unknown
"InSPIRE/Sites/Paw Paw Project 1",Habitat,"41.718961730355794, -88.99793373025122",2.7,16.05,,,"Single-axis Tracking",Pollinator,,,,No,IL,"Babcock & Wilcox",Nexamp
"InSPIRE/Sites/Paynesville Community Solar","Habitat,Grazing","45.402792517290834, -94.71550662784921",6.5,33.7,2016,Other,Fixed,Pollinator,,Sheep,,No,MN,"Berkshire Hathaway Energy Renewables",Unknown
"InSPIRE/Sites/Pegasus Community Solar","Habitat,Grazing","45.4955847, -95.12525989999999",2.6,11.59,2017,Other,Fixed,Pollinator,,Sheep,,No,MN,"Berkshire Hathaway Energy Renewables",Unknown
InSPIRE/Sites/Penfield,Habitat,"43.1320061, -77.3773769",6.1,28,2020,,"Single-axis Tracking",Pollinator,,,,No,NY,"Sol System",Unknown
"InSPIRE/Sites/Penn State Orchard Rd",Habitat,"40.817388, -77.843371",2,15,2018,,Fixed,Pollinator,,,,No,PA,AEDG,"AEDG/Penn State"
"InSPIRE/Sites/Penn State Whitetail 1",Grazing,"40.14135258103813, -77.60969638824463",18.23,166,2019,"Bifacial PV","Single-axis Tracking",,,Sheep,,No,PA,,
"InSPIRE/Sites/Penn State Whitetail 2",Habitat,"39.895, -77.8061",27,167,2020,"Bifacial PV","Single-axis Tracking",Pollinator,,,,No,PA,"Lightsource Renewable Energy Asset Management, LLC","Penn State University"
"InSPIRE/Sites/Penn State Whitetail 3",Habitat,"39.8848, -77.7706",27,167,2020,"Bifacial PV","Single-axis Tracking",Pollinator,,,,No,PA,"Lightsource Renewable Energy Asset Management, LLC","Penn State University"
"InSPIRE/Sites/Penn Yan Solar I",Grazing,,7.2,,2017,,,,,Sheep,,No,NY,"EDP Renewables",
"InSPIRE/Sites/Pennsylvania: habitat",Habitat,"40.224447, -77.155212",1.83,5,2018,,Fixed,Pollinator,,,Yes,Yes,PA,EnterSolar,"Giant Foods"
"InSPIRE/Sites/Perdue Salisbury Photovoltaic",Habitat,"38.373611, -75.535278",1.2,2.5,2011,,Fixed,Pollinator,,,,No,MD,"Terraform Arcadia",Unknown
"InSPIRE/Sites/Pheasant Solar",Habitat,"44.934956, -95.266749",1.4,7.5,2020,,"Single-axis Tracking",Pollinator,,,,No,MN,USS,USS
"InSPIRE/Sites/Pine Island",Habitat,"44.206624, -92.663649",6.5,42.3,2016,"Monofacial PV","Single-axis Tracking",Pollinator,,,,,MN,"Enel Green Power NA, Inc.",Unknown
"InSPIRE/Sites/Pivot Energy Minnesota Solar 01 LLC",Grazing,"44.125276536661175, -93.28021796329607",1.2,7.2,2023,"Bifacial PV","Single-axis Tracking",,,Sheep,,No,MN,"Pivot Energy",Unknown
"InSPIRE/Sites/Pivot Solar 1, LLC",Grazing,"43.8631549, -73.4475731",5,32.5,2022,,"Single-axis Tracking",,,Sheep,,No,NY,Unknown,Unknown
"InSPIRE/Sites/Pivot Solar NY 3",Grazing,"42.4861402, -78.49846459999999",2.3,15,,,"Single-axis Tracking",,,Sheep,,No,NY,GreenSpark,"Pivot Energy"
"InSPIRE/Sites/Pivot Solar NY 4",Grazing,"43.1389482, -75.5557133",14.25,2.8,2022,,,,,Sheep,,No,NY,Unknown,Unknown
"InSPIRE/Sites/Pivot Solar NY 5",Grazing,"43.899529, -73.42252119999999",2.5,15.25,,,"Single-axis Tracking",,,Sheep,,No,NY,"Pivot Energy",Unknown
"InSPIRE/Sites/Pivot Solar NY 6, LLC",Grazing,"43.856336, -73.449974",5,24,,,,,,Sheep,,No,NY,Unknown,Unknown
"InSPIRE/Sites/Plumas Sierra",Habitat,"40.15024465346144, -120.12329732922181",3.3,15,2018,,"Single-axis Tracking",Pollinator,,,,No,CA,"Plumas Sierra Rural Electric Coop",Unknown
"InSPIRE/Sites/Podunque Road (CSG)",Grazing,"42.41582251942178, -78.23518820444585",6.8,21,2021,,Fixed,,,Sheep,,No,NY,Greenspark,Unknown
"InSPIRE/Sites/Point Beach Solar",Habitat,"44.2840719, -87.55688549999999",141,363,2021,,"Single-axis Tracking",Pollinator,,,,No,WI,"Point Beach Solar","NextEra Energy Resources"
"InSPIRE/Sites/Pollux Community Solar","Habitat,Grazing",,0.9,4.83,,,Fixed,Pollinator,,Sheep,,No,MN,"Berkshire Hathaway Energy Renewables",Unknown
"InSPIRE/Sites/Ponduque Road (CSG)",Grazing,,6.8,18.8,2021,,Fixed,,,Sheep,,No,NY,Unknown,Unknown
"InSPIRE/Sites/Porcher Solar",Habitat,"44.280938, -92.390677",0.85,4.25,2018,,Fixed,Pollinator,,,,No,MN,"SunShare Management",Unknown
"InSPIRE/Sites/Porter Way Community Solar Garden",Habitat,"44.864576, -93.861419",3.9,14.7,2018,,Fixed,Pollinator,,,,No,MN,"New Energy Equity",Unknown
"InSPIRE/Sites/Prairie Fire",Grazing,"32.116296, -110.819907",5,24,2012,,Fixed,,,Sheep,,No,AZ,SOLON,TEP
"InSPIRE/Sites/Prairie Wolf Solar",Habitat,"39.54641191968671, -87.97456741333008",255,1500,2021,Other,"Single-axis Tracking","Naturalized, Pollinator, Native grasses",,,Yes,No,IL,"National Grid Renewables","National Grid Renewables"
"InSPIRE/Sites/Primrose Solar, LLC",Habitat,"44.205385, -93.978921",1.5,6.99,2021,,"Single-axis Tracking",Pollinator,,,,No,MN,"National Grid Renewables","National Grid Renewables"
"InSPIRE/Sites/Providence Solar Farm",Grazing,"35.5791248, -89.04993139999999",19.9,177,2017,Other,"Single-axis Tracking",,,Sheep,,No,TN,"Silicon Ranch","Silicon Ranch"
"InSPIRE/Sites/Pulaski Solar Center",Grazing,,2.25,28,,,Fixed,,,Sheep,,No,VA,"Hectate Energy","Silicon Ranch"
"InSPIRE/Sites/Putnam Solar",Grazing,"41.2644771, -89.26050509999999",5,18.7,,,,,,Sheep,,No,IL,"Pivot Energy",Unknown
"InSPIRE/Sites/RAREC Upper Deerfield","Crop Production","39.518928, -75.20606529999999",0.255,3.41,,,"Single-axis Tracking",,"Grain and specialty crops",,Yes,No,NJ,Unknown,"Rutgers Agricultural Research and Extension Center"
"InSPIRE/Sites/RE Adams East, LLC",Grazing,"36.6174478, -120.2909284",24.9,160,2014,Other,"Single-axis Tracking",,,Sheep,,No,CA,"Dominion Energy and Recurrent Energy","Terra Nova Renewable Partners"
"InSPIRE/Sites/RE Kansas Solar, LLC",Grazing,"36.2442207, -119.8280511",27.1,185,2014,Other,"Single-axis Tracking",,,Sheep,,No,CA,"Dominion Energy and Recurrent Energy","Terra Nova Renewable Partners"
"InSPIRE/Sites/RE Kent South, LLC",Grazing,"36.2234997, -119.905268",26.3,160,2014,Other,"Single-axis Tracking",,,Sheep,,No,CA,"Dominion Energy and Recurrent Energy","Terra Nova Renewable Partners"
"InSPIRE/Sites/RJC CSG, LLC",Grazing,,1.5,6.2,2021,,Fixed,,,Sheep,,No,MN,Unknown,Unknown
"InSPIRE/Sites/Rancho Seco Solar II, LLC","Habitat,Grazing","38.3467044, -121.1198833",212.8,554,2021,,Fixed,Pollinator,,Sheep,,No,CA,Lendlease,"DE Shaw Renewable Investments"
"InSPIRE/Sites/Rancho Seco Solar, LLC",Grazing,"38.34156280000001, -121.1157353",12.5,60.7,2016,Other,"Single-axis Tracking",,,Sheep,,No,CA,"First Solar","DE Shaw Renewable Investments"
"InSPIRE/Sites/Randolph CSG PV1-5","Habitat,Grazing","44.52796474685833, -92.9719542022547",6.5,40,2019,,Fixed,"Native grasses",,Sheep,,No,MN,"Ecoplexus, Inc.",Unknown
"InSPIRE/Sites/Randolph Central Schools: Winchester Community High School",,"40.1818275948987, -84.975154130678",0.7,2.5,2021,,,,,,,,IN,,
"InSPIRE/Sites/Rapidan Solar",Habitat,"44.09136, -94.048373",0.6,6.3,2019,,"Single-axis Tracking",Pollinator,,,,No,MN,"Standard Solar (SSI)",USS
"InSPIRE/Sites/Red Horse",Grazing,"32.0663701, -109.915685",75.9,855,2015,Other,"Single-axis Tracking",,,Sheep,,No,AZ,"Torch Renewable Energy","Torch Renewable Energy"
"InSPIRE/Sites/Red Maple",Habitat,"44.319575, -93.899329",3.9,18,2018,,"Single-axis Tracking",Pollinator,,,,No,MN,"Terraform Arcadia",Unknown
"InSPIRE/Sites/Red Wing Community Solar",Habitat,"44.5425049, -92.5115444",6.1,33,2016,,Fixed,Pollinator,,,,No,MN,"Terraform Arcadia","Luminace/Brookfield Energy"
"InSPIRE/Sites/Redcrest Solar Farm",Grazing,"35.3221456, -118.815868",20.9,120,2015,Other,"Single-axis Tracking",,,Sheep,,No,CA,"Avantus, Saferay Holding, and Sustainable Power Group","Alberta Investment Management, The AES, StepStone Group, and ULLICO"
"InSPIRE/Sites/Reindeer Solar",Habitat,"45.65272, -94.031328",1.4,7.5,2020,,"Single-axis Tracking",Pollinator,,,,No,MN,USS,USS
InSPIRE/Sites/Richardson,Grazing,"41.969734100794454, -71.26172714058931",1,6,2016,,Fixed,,,Sheep,,No,MA,"National Grid",Unknown
"InSPIRE/Sites/Richmond CSG",Habitat,"45.46072252785854, -94.51285048605992",7,32,2017,"Monofacial PV",Fixed,Pollinator,,,,No,MN,ENGIE,Unknown
"InSPIRE/Sites/River Road",Grazing,"42.08066155902182, -72.09008524968446",1,5,2016,,Fixed,,,Sheep,,No,MA,"National Grid",Unknown
"InSPIRE/Sites/Riverstart Solar Park","Habitat,Grazing","40.0768963, -85.126194",220,1400,2021,,"Single-axis Tracking",Pollinator,,Sheep,,No,IN,"EDP Renewables North America LLC",Unknown
"InSPIRE/Sites/Riverstart Solar Pilot Project",Grazing,,200,1966,2022,,,,,Sheep,,No,IN,"EDP Renewables","EDP Renewables"
"InSPIRE/Sites/Rockford CS LLC 1 PV",Habitat,"42.175842, -89.08499",2.6,10.72,2021,,"Single-axis Tracking",Pollinator,,,,No,IL,Nexamp,Nexamp
"InSPIRE/Sites/Rockford CS LLC 2 PV",Habitat,"42.17747, -89.088023",2.6,11.1,2021,,"Single-axis Tracking",Pollinator,,,,No,IL,Nexamp,Nexamp
"InSPIRE/Sites/Rockford Solar",Habitat,"42.285117, -89.09933",2.6,9.3,2021,,Fixed,Pollinator,,,,No,IL,"Trajectory Energy Partners",Nexamp
"InSPIRE/Sites/Rockpoint solar",Habitat,"45.4393812, -92.9228994",1.4,8.4,2018,"Monofacial PV","Single-axis Tracking",Pollinator,,,,No,MN,USS,USS
"InSPIRE/Sites/Rosemount Community Solar","Habitat,Grazing","44.72237529064167, -93.02236938874269",6.5,33.65,2016,Other,Fixed,Pollinator,,Sheep,,No,MN,"Berkshire Hathaway Energy Renewables",Unknown
"InSPIRE/Sites/Round Grove",Habitat,"41.75791546929326, -89.86269776746514",2.4,32,,,,Pollinator,,,,No,IL,ENGIE,Solstice
"InSPIRE/Sites/Route 76 Boone Solar 1 PV",Habitat,"42.42070461553737, -88.84804109473075",2.7,14.35,2020,,"Single-axis Tracking",Pollinator,,,,No,IL,Nexamp,Nexamp
"InSPIRE/Sites/SUNY Cortland",Grazing,"42.58560028933572, -76.21078459149157",1.118,4,,,Fixed,,,Sheep,,No,NY,Unknown,Unknown
"InSPIRE/Sites/Saffron in Vermont","Crop Production","44.46774319694457, -73.12369480092792",0.015,0.1,2018,"Monofacial PV",Fixed,,Saffron,,Yes,No,VT,"iSun (formerly Peck Solar)","North American Center for Saffron Research & Development"
"InSPIRE/Sites/Sagitta Community Solar",Habitat,"44.9052793, -93.7834547",1.5,6.15,2018,Other,Fixed,"Native grasses",,,,No,MN,"National Grid Renewables","National Grid Renewables"
InSPIRE/Sites/Salem,Habitat,"41.277209, -80.838447",0.616,5,2021,,Fixed,Pollinator,,,,No,OH,Melink,"Kent State University"
"InSPIRE/Sites/Sand Lake DPC Solar",Habitat,"45.444633, -92.55623",1.5,10.5,2017,,"Single-axis Tracking",Pollinator,,,,No,WI,ENGIE,Unknown
"InSPIRE/Sites/Sauk DPC Solar",Habitat,"43.594392, -90.322389",1.2,8.6,2017,,"Single-axis Tracking",Pollinator,,,,No,WI,ENGIE,Unknown
"InSPIRE/Sites/Scandia CSG",Habitat,"45.250920036988184, -92.8711240905521",5,62.4,2018,,"Single-axis Tracking","Native grasses",,,,No,MN,"DG Minnesota CSG, LLC","NextEra Energy"
InSPIRE/Sites/Schull,Habitat,"43.9069560267552, -93.9243750319795",1.4,7.3,2021,,"Single-axis Tracking",Pollinator,,,,No,MN,SunVest,Unknown
"InSPIRE/Sites/Schultz CSG",Habitat,"44.556905, -93.376865",2.6,12.67,2018,,Fixed,"Native grasses",,,,No,MN,"DG Minnesota CSG, LLC","NextEra Energy"
"InSPIRE/Sites/Schwinghamer Project CSG",Habitat,"45.625975268224494, -94.59626049172024",1.4,10,2019,,Fixed,Pollinator,,,,No,MN,"Schwinghammer Community Solar LLC",Unknown
"InSPIRE/Sites/Selmer I Solar Farm",Grazing,"35.1429648, -88.5512251",19.9,120,2016,Other,"Single-axis Tracking",,,Sheep,,No,TN,"Selmer North Solar I, LLC","Silicon Ranch"
InSPIRE/Sites/Seneca,Grazing,"42.8155753, -77.0465294",5.2,20,2018,"Monofacial PV",Fixed,,,Sheep,,No,NY,"Nexamp, Inc.",Unknown
"InSPIRE/Sites/Shamrock/Blue Prarie",Habitat,"44.295394, -90.83128",3.1,15.5,2021,"Bifacial PV",Fixed,Pollinator,,,No,No,WI,"Native Renewables","One Energy"
"InSPIRE/Sites/Shelburne Museum",Habitat,"44.37313911, -73.2373023",0.78,4.5,2020,,Fixed,Pollinator,,,,No,VT,"Encore Renewable Energy","Shelburne Museum"
"InSPIRE/Sites/Shelburne Museum South",Habitat,"44.37037081165188, -73.23654852540243",0.15,1.35,2021,,Fixed,Pollinator,,,,No,VT,"Encore Renewable Energy","Shelburne Museum"
"InSPIRE/Sites/Sherco Solar Phase 1",Habitat,"45.378966, -93.8918999",230,1500,2023,,,Pollinator,,,,No,MN,"National Grid Renewables","Xcel Energy"
"InSPIRE/Sites/Shrewsbury Solar",Grazing,"42.264868545622356, -71.69534085902515",3.5,12,2012,,Fixed,,,Sheep,,No,MA,"Consolidated Edison Development Inc.",Unknown
"InSPIRE/Sites/Sidney Solar PV",Habitat,"40.03081872321099, -88.03954822009186",2.9,14.9,2021,,"Single-axis Tracking",Pollinator,,,,No,IL,"Nexamp, Inc.",Unknown
"InSPIRE/Sites/Site 1 TR",Grazing,"42.094, -76.677",2.7,12,2019,"Monofacial PV",Fixed,,,Sheep,,No,NY,"Delaware River Solar, LLC",Unknown
"InSPIRE/Sites/Site 3 GR- To be grazed in 2020",Grazing,"42.116, -76.185",6.3,30,2019,"Monofacial PV",Fixed,,,Sheep,,No,NY,"Delaware River Solar, LLC",Unknown
"InSPIRE/Sites/Skipjack Solar Center",Grazing,"37.377212, -77.154353",175,2200,2021,,"Single-axis Tracking",,,Sheep,,No,VA,AES,AES
"InSPIRE/Sites/Slate Solar PV Park",Grazing,,390.3,2120,2022,"Bifacial PV","Single-axis Tracking",,,Sheep,,No,CA,"MN8 Energy LLC","MN8 Energy LLC"
InSPIRE/Sites/Slidematic,Habitat,"42.20591669888501, -89.07472031669526",2.5,10.72,2022,,"Single-axis Tracking",Pollinator,,,,No,IL,"Luminace Solar Illinois 2, LLC",Unknown
"InSPIRE/Sites/Snipesville I Ranch",Grazing,"31.71439251414799, -82.74906505373602",122.8,1500,2020,,"Single-axis Tracking",,,Sheep,,No,GA,"SR Snipesville, LLC","Silicon Ranch"
"InSPIRE/Sites/Snipesville II Solar Farm",Grazing,"31.7088, -82.7157",152,1850,2021,Other,"Single-axis Tracking",,,Sheep,,No,GA,"SR Snipesville II, LLC","Silicon Ranch"
"InSPIRE/Sites/Snipesville III Ranch",Grazing,"31.7206761, -82.74807799999999",150,1850,2023,,,,,Sheep,,No,GA,Unknown,"Silicon Ranch"
"InSPIRE/Sites/Snyder Farm Pittstown","Crop Production","40.5580147, -74.96028559999999",0.095,1.42,,,"Single-axis Tracking",,Hay,,Yes,No,NJ,Unknown,Unknown
"InSPIRE/Sites/Solar Dawn",Habitat,"45.491616, -92.842548",1.4,9.8,2018,,"Single-axis Tracking",Pollinator,,,,No,MN,USS,USS
"InSPIRE/Sites/Solar Farm 2.0 (Northern Cardinal)",Habitat,"40.0708198168097, -88.24301093053475",12.32,54,2021,"Bifacial PV","Single-axis Tracking",Pollinator,,,Yes,No,IL,"Sol Systems","Arevon Energy"
"InSPIRE/Sites/Solar Grazing at Susquehanna University",Grazing,"40.795738, -76.883707",3.9,14,2018,,Fixed,,,Sheep,,No,PA,"Terraform Arcadia","Susquehanna University"
"InSPIRE/Sites/Solar Harvest","Crop Production","45.28008699999999, -122.750914",0.326,5,2023,,"Single-axis Tracking",,"Alfalfa, arugula, beets, bok choy, cabbage, carrots, chard, garlic, hemp, onions, parsley, radish, spinach, sweet potato, turnips, and yams",,Yes,No,OR,"Oregon Clean Power Cooperative","Oregon State University"
"InSPIRE/Sites/Solar Park Energy, LLC",Grazing,"43.878666842252436, -73.43973294208028",5,33.25,,,,,,Sheep,,No,NY,Unknown,Unknown
"InSPIRE/Sites/Solar Pollinator Habitat Discovery Trail",Habitat,"39.455783, -84.28567",0.2756,1.5,2019,,Fixed,Pollinator,,,,No,OH,Unknown,Unknown
"InSPIRE/Sites/Solar Rapids",Habitat,"45.590986, -94.138176",1.4,8.8,2019,,"Single-axis Tracking",Pollinator,,,,No,MN,USS,USS
"InSPIRE/Sites/Solar Sheep LLC",Grazing,,,,2014,"Monofacial PV",Fixed,,,Sheep,,No,NJ,Unknown,"Rob Simalchik"
"InSPIRE/Sites/Solar Shepherd","Habitat,Grazing",,5.1,15,2021,,Fixed,Pollinator,,Sheep,,No,MA,"SWEB Development Inc.",Unknown
"InSPIRE/Sites/Solar Sources Solar",Habitat,"45.23323713215142, -92.8949383053876",1.4,10.6,2020,,"Single-axis Tracking",Pollinator,,,,No,MN,"Standard Solar (SSI)",USS
"InSPIRE/Sites/Solar Way",Habitat,"43.82423442289191, -93.44254612633554",1.4,8.9,2020,,"Single-axis Tracking",Pollinator,,,,No,MN,"Standard Solar (SSI)",USS
"InSPIRE/Sites/SoliCulture Greenhouse",Greenhouse,"37.0548, -122.009",0.01,0.05,,"Translucent PV",Fixed,,Greens,,,No,CA,Unknown,Unknown
"InSPIRE/Sites/Solinator Garden",Habitat,"40.49821480816753, -105.06844149494268",1,6,2020,"Monofacial PV","Single-axis Tracking","Naturalized, Pollinator",,,,No,CO,"Namaste Solar","Solaris Energy"
"InSPIRE/Sites/Somonauk Road Solar 1",Habitat,"41.648396, -88.667463",2.7,16.5,2021,,"Single-axis Tracking",Pollinator,,,,No,IL,"Nexamp, Inc.",Unknown
"InSPIRE/Sites/Spadra Farm- Cal Poly Campus","Crop Production",,0.032,,2024,"Monofacial PV",,,Lettuce,,Yes,No,,,
"InSPIRE/Sites/Spartanburg (Kohler)",Habitat,"34.92263533063479, -81.84553526349804",1.2,6,2017,,Fixed,Pollinator,,,,No,SC,Unknown,Kohler
"InSPIRE/Sites/Spica Community Solar","Habitat,Grazing","44.935147, -94.857237",2.6,13.12,2017,Other,Fixed,Pollinator,,Sheep,,No,MN,"Berkshire Hathaway Energy Renewables",Unknown
"InSPIRE/Sites/Spring Street Road II Solar Project",Grazing,"42.8442164, -76.6844296",7,27.5,,,,,,Sheep,,No,NY,Unknown,Unknown
"InSPIRE/Sites/Spring Street Road III Solar Project",Grazing,"42.8466457, -76.67588980000001",7,35.22,,,,,,Sheep,,No,NY,Unknown,Unknown
"InSPIRE/Sites/Starratt Solar Farm",Grazing,"30.4974305, -81.6029495",5,25,2017,,Fixed,,,Sheep,No,No,FL,"Inman Solar","EDPR DR"
"InSPIRE/Sites/Steamboat Solar",Habitat,"44.38219019733273, -94.88438869284305",1.2,9.1,2021,,"Single-axis Tracking",Pollinator,,,,No,MN,"Standard Solar (SSI)",USS
"InSPIRE/Sites/Stearns Solar I",Habitat,"45.650158, -94.557543",1.4,11,2019,Other,"Single-axis Tracking",Pollinator,,,,No,MN,"Stearns Solar I LLC","Clearway Energy"
"InSPIRE/Sites/Strandness Garden",Habitat,"45.656788, -95.528735",1.3,4.93,2020,,Fixed,"Native grasses",,,,No,MN,"Strandness Garden LLC","Nokomis Energy, Excelsior Energy Capital"
"InSPIRE/Sites/Strawberry Point DPC Solar",Habitat,"42.67818731695278, -91.54505311727462",1.6,10,2017,,"Single-axis Tracking",Pollinator,,,,No,IA,ENGIE,Unknown
InSPIRE/Sites/Strobus,Habitat,"44.386149401507296, -90.82086548739534",1.9,12.1,2021,,"Single-axis Tracking",Pollinator,,,,No,WI,"Greenbacker Renewable Energy Corporation","One Energy"
InSPIRE/Sites/Stromland,"Habitat,Grazing","44.19932, -91.80609799999999",3.7,15,2021,"Bifacial PV","Single-axis Tracking",Pollinator,,Sheep,,No,WI,"Greenbacker Renewable Energy Corporation","One Energy"
"InSPIRE/Sites/Summit Plant Labs",Greenhouse,"40.59581728752613, -105.13090193566357",0.027,0.125,2022,"Bifacial PV",,,,,Yes,No,CO,"Sandbox Solar","Summit Plant Labs"
"InSPIRE/Sites/Sun Mountain Solar",Grazing,,296.2,2240,2022,Other,"Single-axis Tracking",,,Sheep,,No,CO,"Lightsource bp","Lightsource bp"
"InSPIRE/Sites/SunE Feely 1 CSG, LLC","Habitat,Grazing","44.6552251, -93.1104093",6.5,49.85,2018,,Fixed,"Native grasses",,Sheep,,No,MN,"Ecoplexus, Inc.",Unknown
"InSPIRE/Sites/SunE Stolee CSG, LLC","Habitat,Grazing","44.29690720000001, -93.06245799999999",3.9,34.13,2018,,Fixed,"Native grasses",,Sheep,,No,MN,"Ecoplexus, Inc.",Unknown
"InSPIRE/Sites/SunVest Solar",Habitat,"41.9744807, -97.50284889999999",3,18.5,2021,,"Single-axis Tracking",Pollinator,,,,No,NE,SunVest,Unknown
"InSPIRE/Sites/Sunflower I (Connexus Solar Baldwin 1BDN)",Habitat,"45.5467581, -93.59289799999999",3.7,18,2021,,"Single-axis Tracking",Pollinator,,,,No,MN,"EDF Renewables","Connexus Energy"
"InSPIRE/Sites/Sunrise Community Solar","Habitat,Grazing","45.47600617461317, -92.8903146487385",6.5,30.5,2016,Other,Fixed,Pollinator,,Sheep,,No,MN,"Berkshire Hathaway Energy Renewables",Unknown
"InSPIRE/Sites/Sunrise Solar",Habitat,"45.490291717416724, -92.81266547295769",1.4,10.5,2020,,"Single-axis Tracking",Pollinator,,,,No,MN,"Standard Solar (SSI)",USS
"InSPIRE/Sites/Sunzaun Somerset Winery","Crop Production","38.074959, -122.5375393",0.023,3,2022,"Bifacial PV",Fixed,,Grapes,,No,No,CA,"Sunstall, Aztec Solar","Somerset Gourmet Farms"
"InSPIRE/Sites/Sussex Conservation District",Habitat,"38.659716, -75.381444",0.039,0.5,2012,,Fixed,Pollinator,,,,No,DE,"Paradise Energy Solutions","Sussex Conservation District"
"InSPIRE/Sites/Swan Garden",Habitat,"45.72191595373891, -95.2649696839743",1.5,7.43,2021,,"Single-axis Tracking",Pollinator,,,,No,MN,"Swan Garden LLC",Nokomis
"InSPIRE/Sites/Swanton School - Megan and Tyler",Habitat,"41.595583154091386, -83.89966585392162",0.62,3,2021,,Fixed,Pollinator,,,,No,OH,Unknown,Unknown
"InSPIRE/Sites/Sycamore Solar",Habitat,"41.96289428304425, -88.66145622035083",2.7,12,2022,,"Single-axis Tracking",Pollinator,,,,No,IL,"Standard Solar (SSI)",USS
"InSPIRE/Sites/T Luhman CSG",Grazing,"44.284131, -92.684775",1.4,7,2021,,"Single-axis Tracking",,,Sheep,,No,MN,Unknown,Unknown
"InSPIRE/Sites/Taurus Community Solar","Habitat,Grazing","44.94655077492708, -95.69257224166633",5.2,23.11,2018,Other,"Single-axis Tracking",Pollinator,,Sheep,,No,MN,"Berkshire Hathaway Energy Renewables",Unknown
"InSPIRE/Sites/Taylors Falls CSG",Habitat,"45.39174915712548, -92.68468876555428",7.2,27.8,2018,"Monofacial PV",Fixed,Pollinator,,,,No,MN,ENGIE,Unknown
"InSPIRE/Sites/Temple University Ambler Campus","Crop Production,Habitat","40.1665689245537, -75.19116231098047",0.00574,0.014,2023,"Bifacial PV",Fixed,Pollinator,"Lettuce (buttercrunch head lettuce, red salad bowl lettuce), basil (genovese), cherry tomatoes (supersweet, sungold), beans (burpees stringless green pod, contender), radishes (french breakfast, donato F1)",,Yes,No,PA,"Solar States","Temple University"
"InSPIRE/Sites/Terrapin Branch Solar",Grazing,"39.29356478455019, -76.95703176430267",1.5,5,2014,,Fixed,,,Sheep,,No,MD,"Nexamp, Inc.","Nexamp, Inc."
"InSPIRE/Sites/Tiller CSG",Habitat,"45.434829331190734, -94.0400844416919",6.3,35.47,2018,,"Single-axis Tracking","Native grasses",,,,No,MN,"DG Minnesota CSG, LLC","NextEra Energy"
"InSPIRE/Sites/Toms River",Habitat,"39.980709, -74.23449",28.89,126,2021,,Fixed,"Native grasses",,,,No,NJ,"EDF Renewables / PVOne",Unknown
"InSPIRE/Sites/Topaz Solar Farm",Grazing,"35.38487485222326, -120.06113531173371",752.1,4700,2014,Other,Fixed,,,Sheep,Yes,No,CA,"First Solar","Berkshire Hathaway Energy Renewables"
"InSPIRE/Sites/Townsend Road (CSG)",Grazing,"42.3472487, -76.93604049999999",5.1,21.1,2021,,Fixed,,,Sheep,,No,NY,Unknown,Unknown
InSPIRE/Sites/Trumbell,Habitat,"41.485081, -81.143465",1.314,7,2021,,Fixed,Pollinator,,,,No,OH,Melink,"Kent State University"
"InSPIRE/Sites/Turkey Creek Ranch","Habitat,Grazing","37.5927124, -84.5681431",70,753,2022,Other,"Single-axis Tracking",Pollinator,,Sheep,,No,KY,"SR Turkey Creek, LLC","Silicon Ranch"
"InSPIRE/Sites/Turkey Solar",Habitat,"45.14139369807232, -94.74335694480648",1.4,9.5,2020,,"Single-axis Tracking",Pollinator,,,,No,MN,"Standard Solar (SSI)",USS
"InSPIRE/Sites/Two Creeks Solar Park",Habitat,"44.24951000000001, -87.545682",213,782,2020,,"Single-axis Tracking",Pollinator,,,,No,WI,"Wisconsin Public Service Corporation","Wisconsin Public Service Corporation, Madison Gas and Electric"
"InSPIRE/Sites/UC Davis Agrivoltaic Test Site","Crop Production","38.5392757, -121.7704381",0.005,1.4,2022,"Bifacial PV",Fixed,,"Peppers, Basil, Tomatoes",,Yes,No,CA,Sunzaun,"University of California, Davis"
"InSPIRE/Sites/USDA-UGA AgSolar Synergy",Greenhouse,"33.8869144, -83.4205289",0.01,0.1,2023,"Translucent PV",Fixed,,"Tomato, lettuce",,Yes,No,GA,Unknown,Unknown
"InSPIRE/Sites/USS Brockway Solar CSG",Habitat,"45.6821022, -94.2116957",1.4,8.2,2019,"Monofacial PV","Single-axis Tracking",Pollinator,,,,No,MN,USS,Unknown
"InSPIRE/Sites/USS Danube",Habitat,"44.797343, -95.097786",1.4,7.9,2021,,"Single-axis Tracking",Pollinator,,,,No,MN,USS,USS
"InSPIRE/Sites/USS Foley",Habitat,"45.680662, -93.92477",1.4,7.85,2022,,"Single-axis Tracking",Pollinator,,,,No,MN,USS,USS
"InSPIRE/Sites/USS Itasca",Habitat,"47.20553203447325, -93.52026824274395",1.4,14,2022,,"Single-axis Tracking",Pollinator,,,,No,MN,USS,USS
"InSPIRE/Sites/USS Peach",Habitat,"44.17095538774632, -93.90922866502018",1.4,7.3,2022,,"Single-axis Tracking",Pollinator,,,,No,MN,USS,USS
"InSPIRE/Sites/USS Prokosch",Habitat,"44.76851654614716, -94.90683040060244",1.4,7.8,2022,,"Single-axis Tracking",Pollinator,,,,No,MN,USS,USS
"InSPIRE/Sites/USS Quail",Habitat,"45.258816955111925, -93.79505473663149",1.4,8.4,2022,,"Single-axis Tracking",Pollinator,,,,No,MN,USS,USS
"InSPIRE/Sites/USS Rosebud",Habitat,"44.472802, -94.926399",1.4,8.1,2022,,"Single-axis Tracking",Pollinator,,,,No,MN,USS,USS
"InSPIRE/Sites/USS Water City",Habitat,"44.21741, -93.580551",1.4,8.5,2021,,"Single-axis Tracking",Pollinator,,,,No,MN,USS,USS
"InSPIRE/Sites/USS Water Fowl",Habitat,"44.90308555364357, -94.13583968048006",1.4,4,2022,,"Single-axis Tracking",Pollinator,,,,No,MN,USS,USS
"InSPIRE/Sites/USS Water Town",Habitat,"44.198043, -93.585288",1.4,8.3,2021,,"Single-axis Tracking",Pollinator,,,,No,MN,USS,USS
"InSPIRE/Sites/USS Webster Solar CSG",Habitat,"44.53056388032109, -93.39484264512237",1.4,8.21,2019,"Monofacial PV","Single-axis Tracking",Pollinator,,,,No,MN,"Standard Solar (SSI)",Unknown
"InSPIRE/Sites/USS Wildcat",Habitat,"44.39661080119342, -92.61239520090308",1.4,7.9,2021,,"Single-axis Tracking",Pollinator,,,,No,MN,USS,USS
"InSPIRE/Sites/University Area Joint Authority","Habitat,Grazing","40.836642052303894, -77.81480903132172",6.2,98.33,2021,"Bifacial PV",Fixed,"Native grasses",,Sheep,No,No,PA,"Solar Renewable Energy, LLC","University Area Joint Authority"
"InSPIRE/Sites/University of Arizona Biosphere 2 Site","Crop Production","32.57866366, -110.850719",0.02,0.1,2022,"Monofacial PV",Fixed,,"tomato, pepper, 20+ crop types",,Yes,Yes,AZ,Unknown,"University of Arizona"
"InSPIRE/Sites/University of Dayton - Curran Place",Habitat,"39.73113226689265, -84.19428262053007",1.26,8,2018,"Monofacial PV","Single-axis Tracking",Pollinator,,,Yes,No,OH,"Melink Solar","University of Dayton"
"InSPIRE/Sites/University of Massachusetts-Amherst","Crop Production","42.47848117, -72.57812833",0.026,0.15,2011,"Monofacial PV",Fixed,,"Pepper, kale, broccoli, beans, chard",,Yes,Yes,MA,"Hyperion Systems","University of Massachusetts Amherst"
"InSPIRE/Sites/University of Minnesota Morris West Central Research and Outreach Center",Grazing,"45.595404302278425, -95.87835627760828",0.03,0.023,2018,,Fixed,Naturalized,,Cows,Yes,No,MN,Zenergy,"University of Minnesota"
"InSPIRE/Sites/University of Minnesota-CHP Plot",Habitat,"44.973890395676, -93.2431196203087",0.15,1.1,2021,,Fixed,Pollinator,,,,No,MN,Unknown,"University of Minnesota"
"InSPIRE/Sites/Urbana Landfill Central",Habitat,"40.12153888828574, -88.18065068508072",2.7,11.36,2021,,Fixed,Pollinator,,,,No,IL,"Nexamp, Inc.",Unknown
"InSPIRE/Sites/Urbana Landfill East",Habitat,"40.12174077055138, -88.17813745956728",2.7,10.3,2021,,Fixed,Pollinator,,,,No,IL,"Nexamp, Inc.",Unknown
"InSPIRE/Sites/Ursa Community Solar","Habitat,Grazing","44.67162630388041, -93.08178292063383",6.5,27.78,2017,Other,Fixed,Pollinator,,Sheep,,No,MN,"Berkshire Hathaway Energy Renewables",Unknown
"InSPIRE/Sites/VEC Alburgh Array",Habitat,"44.9615332, -73.2746113",1.2,6,2016,,Fixed,Pollinator,,,,No,VT,ENGIE,Unknown
"InSPIRE/Sites/VEC Magee Hill Solar",Habitat,"44.3685169, -73.0604831",1.7,8,2017,,Fixed,Pollinator,,,,No,VT,ENGIE,Unknown
"InSPIRE/Sites/Valley Creek",Habitat,"45.0333, -123.094",3.1,15.5,2017,"Monofacial PV",Fixed,Pollinator,"Melons, squash, pumpkins, and tomatoes",,Yes,Yes,OR,"Pine Gate Renewables / Cypress Creek Renewables",Unknown
"InSPIRE/Sites/Valparaiso Solar LLC",Grazing,"41.5009082, -87.1607934",1.3,5.6,2012,,Fixed,,,Sheep,,No,IN,Unknown,Unknown
"InSPIRE/Sites/Van Epps Solar","Habitat,Grazing","42.93505186258604, -74.3797626872945",7.6,26,2021,,"Single-axis Tracking",Pollinator,,Sheep,,No,NY,"Eden Renewables",Unknown
"InSPIRE/Sites/Vasquez V",Grazing,"40.2302, -104.799",4.809,24.045,2021,,"Single-axis Tracking",,,Sheep,,,CO,"SunShare Management",Unknown
"InSPIRE/Sites/Vega Community Solar","Habitat,Grazing","45.6425072, -95.3439609",6.5,33.83,2017,Other,Fixed,Pollinator,,Sheep,,No,MN,"Berkshire Hathaway Energy Renewables",Unknown
"InSPIRE/Sites/Verde Solar",Habitat,"44.42802097720608, -94.9308183358598",1.4,7.6,2020,,"Single-axis Tracking",Pollinator,,,,No,MN,"Standard Solar (SSI)",USS
"InSPIRE/Sites/Verduin Community Solar Project",Grazing,"41.5264049, -87.60069",2.955,20.69,2023,,,,,Sheep,,No,IL,Reactivate,Unknown
"InSPIRE/Sites/Vermillion River Solar",Habitat,"44.599522, -93.13692",3.8,13.6,2019,,Fixed,Pollinator,,,,No,MN,ENGIE,Unknown
"InSPIRE/Sites/Veseli Community Solar Garden",Habitat,"44.52697419441822, -93.36639918689552",1.4,8.21,2018,,"Single-axis Tracking",Pollinator,,,,No,MN,"PureSky Energy",
"InSPIRE/Sites/Viceroy Solar",Habitat,"45.49763269141711, -95.1634219412583",1.4,7.45,2021,,"Single-axis Tracking",Pollinator,,,,No,MN,USS,USS
"InSPIRE/Sites/Volkswagen Chattanooga Solar Farm",Grazing,"35.09841542049584, -85.12805814145075",9.6,79,2012,,Fixed,,,Sheep,,No,TN,"Silicon Ranch","Silicon Ranch"
"InSPIRE/Sites/WEB Brookfield",Grazing,"42.191279, -72.109034",5.1,17,2021,,Fixed,,,Sheep,Yes,No,MA,"WEB Brookfield Solar, LLC",Unknown
"InSPIRE/Sites/Walcott Solar CSG",Habitat,"44.2355218, -93.2729756",5.7,30.21,2020,,"Single-axis Tracking",Pollinator,,,,No,MN,"Altus Power America Management, LLC",Unknown
"InSPIRE/Sites/Walrus Solar",Habitat,"45.310079, -92.804182",0.6,4.4,2018,,"Single-axis Tracking",Pollinator,,,,No,MN,USS,USS
"InSPIRE/Sites/Walz Community Solar Garden",Habitat,"45.564794253839196, -94.34380687377683",3.018,17,2017,,Fixed,Pollinator,,,,No,MN,"New Energy Equity","Luminace/Brookfield Energy"
"InSPIRE/Sites/Warren DPC Solar",Habitat,"44.959138, -92.51987199999999",2.9,16.4,2017,,"Single-axis Tracking",Pollinator,,,,No,WI,ENGIE,Unknown
"InSPIRE/Sites/Warsaw Solar CSG",Habitat,"44.2256333, -93.39781579999999",2.9,15.28,2020,,"Single-axis Tracking",Pollinator,,,,No,MN,"Altus Power America Management, LLC",Unknown
"InSPIRE/Sites/Waseca Solar","Grazing,Habitat","44.09219301219244, -93.53093057727757",15.9,60,2016,,"Single-axis Tracking",Pollinator,,Sheep,,,MN,"Enel Green Power NA, Inc.",Unknown
"InSPIRE/Sites/Washington DC: Habitat",Habitat,"38.936657, -76.967859",2,8,2020,,Fixed,,,,Yes,Yes,DC,"IGS Solar / Catholic Energies / Greenbacker Renewable Energy Corporation","Catholic Energies"
"InSPIRE/Sites/Washington I",Grazing,"36.349945, -82.599808",15,105,2021,,"Single-axis Tracking",,,Sheep,,No,TN,"Silicon Ranch","Silicon Ranch"
"InSPIRE/Sites/Waterloo Solar LLC",Grazing,"41.433739, -85.04183599999999",1.3,6.4,2012,,Fixed,,,Sheep,,No,IN,Unknown,Unknown
"InSPIRE/Sites/Waterville CSG Solar Holdings LLC",Habitat,"44.197823780406964, -93.56839702764711",6.6,33.53,2018,,Fixed,Pollinator,,,,No,MN,"Altus Power America Management, LLC",Unknown
"InSPIRE/Sites/Wells Fargo Des Moines Campus",Habitat,"41.554420060208344, -93.80226622967687",2,7.65,2022,,Fixed,Pollinator,,,,No,MN,"Ameresco, Inc.","Wells Fargo"
"InSPIRE/Sites/West Faribault U",Habitat,"44.274932, -93.310634",7.92,43.1,2016,"Monofacial PV","Single-axis Tracking",Pollinator,,,,No,MN,"Enel Green Power NA, Inc.",Unknown
"InSPIRE/Sites/West Hallock 1 Project",Habitat,"40.92585689266478, -89.63185881806936",2.8,15.9,2021,,"Single-axis Tracking",Pollinator,,,,No,IL,"Nexamp, Inc.",Unknown
"InSPIRE/Sites/West Side Solar",Habitat,"44.057494, -92.549073",13.69,126,2023,,"Single-axis Tracking",Pollinator,,,,No,MN,"EDF Renewables",Unknown
"InSPIRE/Sites/West Waconia",Habitat,"44.793428, -93.901048",12.24,71,2016,"Monofacial PV","Single-axis Tracking",Pollinator,,,,No,MN,"Enel Green Power NA, Inc.",Unknown
"InSPIRE/Sites/Westar Cities Solar",Habitat,,1.3,8.85,2017,,"Single-axis Tracking",Pollinator,,,,No,KS,ENGIE,Unknown
"InSPIRE/Sites/Westeros Solar",Habitat,"44.67911, -93.768039",1.4,9.8,2020,,"Single-axis Tracking",Pollinator,,,No,No,MN,"Standard Solar",Unknown
"InSPIRE/Sites/Westhampton Montague Road","Habitat,Grazing","42.3250378, -72.74801",6.31,23.2,2020,,Fixed,Pollinator,,Sheep,No,No,MA,"CVE North America, Inc.","Sunrise on Montague Road, LLC"
"InSPIRE/Sites/Westlands Almond",Grazing,"36.206039943120054, -119.9079547716928",26,160,2023,,"Single-axis Tracking",,,Sheep,,No,CA,"Golden State Clean Energy","Nelnet Renewable Energy and Green Street Power Partners"
"InSPIRE/Sites/Westlands Solar Blue",Grazing,"36.1782461, -119.905483",250,1841,2023,,"Single-axis Tracking",,,Sheep,,No,CA,"Golden State Clean Energy","Westlands Solar Blue (OZ) Owner, LLC"
"InSPIRE/Sites/Westlands Westside Chestnut",Grazing,"36.15277643292489, -119.90452766418457",150,1050,2021,,"Single-axis Tracking",,,Sheep,,No,CA,Unknown,Unknown
"InSPIRE/Sites/Westport B Community Solar Garden",Grazing,"41.69398491127434, -71.08717084290572",6,7.8,2018,,Fixed,,,Sheep,,No,MA,,
"InSPIRE/Sites/Whistling Winds DPC Solar",Habitat,"43.9729035, -90.0723526",2.1,13.6,2017,,"Single-axis Tracking",Pollinator,,,,No,WI,ENGIE,Unknown
"InSPIRE/Sites/White Cloud Solar",Habitat,"45.521776, -94.131226",1.4,8.9,2019,,"Single-axis Tracking",Pollinator,,,,No,MN,"Standard Solar (SSI)",USS
InSPIRE/Sites/Whittier,Grazing,"43.15090686465095, -77.86150746098414",2.6,10,2019,,"Single-axis Tracking",,,Sheep,,No,NY,Unknown,Unknown
"InSPIRE/Sites/Wildflower Solar","Habitat,Grazing","38.70499386074489, -121.47710648274855",16.5,69,2020,,"Single-axis Tracking",Pollinator,,Sheep,,No,CA,"Lightsource Renewable Energy Asset Management, LLC","Lightsource bp"
"InSPIRE/Sites/Winona II",Habitat,"44.09989047498038, -91.91074676253481",1.4,11.16,,,"Single-axis Tracking","Native grasses",,,,No,MN,"Community Energy","Clearway Energy"
"InSPIRE/Sites/Winona Solar",Habitat,"44.12313952786544, -91.90098370672627",1.4,10.64,2019,,"Single-axis Tracking","Native grasses",,,,No,MN,"Winona Solar I LLC","Clearway Energy"
"InSPIRE/Sites/Woodline Solar",Habitat,"42.2349378, -121.5764981",11.16,60,2017,,"Single-axis Tracking",Pollinator,,,,No,OR,"OneEnergy Renewables, LLC",Unknown
"InSPIRE/Sites/Woodmere Solar Farm",Grazing,"35.32594511447611, -118.80675315856934",18.8,80,2015,Other,"Single-axis Tracking",,,Sheep,,No,CA,"Avantus, Saferay Holding, and Sustainable Power Group","Alberta Investment Management, The AES, StepStone Group, and ULLICO"
"InSPIRE/Sites/Woolford Solar",Habitat,"45.289175, -92.885151",1.5,8.5,2019,,"Single-axis Tracking",Pollinator,,,,No,MN,"MSC-Scandia01 LLC",Exeter
"InSPIRE/Sites/Wrenshall Solar",Habitat,"46.620059, -92.3919",1.4,10,2018,,"Single-axis Tracking",Pollinator,,,,No,MN,USS,USS
"InSPIRE/Sites/Wyoming 2 CSG, LLC","Habitat,Grazing","45.326992246894754, -92.93461625449471",6.5,39.6,2018,,Fixed,"Native grasses",,Sheep,,No,MN,"Ecoplexus, Inc.",Unknown
"InSPIRE/Sites/York Solar",Habitat,"41.99445502875686, -90.11474864401065",1.8,10.6,,,"Single-axis Tracking",Pollinator,,,,No,IL,ENGIE,Unknown
"InSPIRE/Sites/Zumbro Solar Garden",Habitat,"44.04709957731183, -92.7605900324354",1.3,4.08,2020,,Fixed,"Native grasses",,,,No,MN,"Zumbro Garden LLC","Nokomis Energy, Excelsior Energy Capital"
"InSPIRE/Sites/hacienda Gosen-UPR-Agroenergia","Crop Production","18.3437051, -67.0811238",0.255,0.05,2024,"Monofacial PV",Fixed,,"Beans, Eggplant",,Yes,No,PR,"Pura Energia","Hacienda Gosen"
